name	clade	CountryB	YearB	strain
MG642037_USA_1980	B-C.1	USA	1980	MG642037
MG642047_USA_1980	B-C.1	USA	1980	MG642047
MG642065_USA_1981	B-C.1	USA	1981	MG642065
MG642078_USA_1982	B-C.1	USA	1982	MG642078
MG642025_USA_1982	B-C.1	USA	1982	MG642025
MG642044_USA_1982	B-C.1	USA	1982	MG642044
MG642059_USA_1983	B-C.1	USA	1983	MG642059
MG642045_USA_1979	B-C.1	USA	1979	MG642045
MG642027_USA_1991	B-C.2	USA	1991	MG642027
MG642054_USA_1991	B-C.2	USA	1991	MG642054
MG642072_USA_1991	B-C.2	USA	1991	MG642072
EPI-ISL-15771625_USA_1991	B-C.2	USA	1991	EPI-ISL-15771625
MG642036_USA_1989	B-C.2	USA	1989	MG642036
MG642082_USA_1989	B-C.2	USA	1989	MG642082
MG642066_USA_1990	B-C.2	USA	1990	MG642066
MG642046_USA_1984	B-C.2	USA	1984	MG642046
MG642043_USA_1982	B-C.2	USA	1982	MG642043
MG642042_USA_1985	B-C.2	USA	1985	MG642042
MG642057_USA_1984	B-C.2	USA	1984	MG642057
MG642039_USA_1985	B-C.2	USA	1985	MG642039
MG642051_USA_1986	B-C.2	USA	1986	MG642051
MG642076_USA_1987	B-C.2	USA	1987	MG642076
MG642068_USA_1987	B-C.2	USA	1987	MG642068
EPI-ISL-15771618_USA_1995	B-C.3	USA	1995	EPI-ISL-15771618
MG642064_USA_1995	B-C.3	USA	1995	MG642064
EPI-ISL-15771617_USA_1990	B-C.3	USA	1990	EPI-ISL-15771617
EPI-ISL-15771626_USA_1994	B-C.3	USA	1994	EPI-ISL-15771626
EPI-ISL-15771628_USA_1994	B-C.3	USA	1994	EPI-ISL-15771628
MG642062_USA_1996	B-C.3	USA	1996	MG642062
EPI-ISL-15771621_USA_1992	B-C.3	USA	1992	EPI-ISL-15771621
MG642049_USA_1993	B-C.3	USA	1993	MG642049
EPI-ISL-15820265_Canada_1995	B-C.4	Canada	1995	EPI-ISL-15820265
EPI-ISL-15771622_USA_1992	B-C.4	USA	1992	EPI-ISL-15771622
EPI-ISL-15771630_USA_1994	B-C.4	USA	1994	EPI-ISL-15771630
KP856966_USA_19998	B-D	USA	1998	KP856966
EPI-ISL-15751945_USA_2005	B-D	USA	2005	EPI-ISL-15751945
EPI-ISL-15751944_USA_2005	B-D	USA	2005	EPI-ISL-15751944
EPI-ISL-6494896_England_2008	B-D	England	2008	EPI-ISL-6494896
MH594451_Kenya_2010	B-D	Kenya	2010	MH594451
EPI-ISL-15751949_Kenya_2007	B-D	Kenya	2007	EPI-ISL-15751949
EPI-ISL-15751997_Brazil_2009	B-D	Brazil	2009	EPI-ISL-15751997
OK649721_Brazil_2009	B-D	Brazil	2009	OK649721
OK649702_Brazil_2009	B-D	Brazil	2009	OK649702
EPI-ISL-15751957_Brazil_2010	B-D	Brazil	2010	EPI-ISL-15751957
OK649707_Brazil_2009	B-D	Brazil	2009	OK649707
EPI-ISL-15751950_Brazil_2010	B-D	Brazil	2010	EPI-ISL-15751950
EPI-ISL-15751954_Brazil_2010	B-D	Brazil	2010	EPI-ISL-15751954
OK649706_Brazil_2009	B-D	Brazil	2009	OK649706
OK649711_Brazil_2009	B-D	Brazil	2009	OK649711
EPI-ISL-15752003_Brazil_2008	B-D	Brazil	2008	EPI-ISL-15752003
OK649698_Brazil_2009	B-D	Brazil	2009	OK649698
OK649713_Brazil_2009	B-D	Brazil	2009	OK649713
OK649725_Brazil_2010	B-D	Brazil	2010	OK649725
OK649709_Brazil_2009	B-D	Brazil	2009	OK649709
EPI-ISL-15752001_Brazil_2009	B-D	Brazil	2009	EPI-ISL-15752001
MH594443_Kenya_2010	B-D.2	Kenya	2010	MH594443
MH594444_Kenya_2010	B-D.2	Kenya	2010	MH594444
MH594461_Kenya_2010	B-D.2	Kenya	2010	MH594461
MH594454_Kenya_2010	B-D.2	Kenya	2010	MH594454
MH594460_Kenya_2010	B-D.2	Kenya	2010	MH594460
MH594457_Kenya_2010	B-D.2	Kenya	2010	MH594457
MH594452_Kenya_2010	B-D.2	Kenya	2010	MH594452
MH594429_Kenya_2010	B-D.2	Kenya	2010	MH594429
MH594369_Kenya_2010	B-D.2	Kenya	2010	MH594369
MH594370_Kenya_2010	B-D.2	Kenya	2010	MH594370
MH594367_Kenya_2010	B-D.2	Kenya	2010	MH594367
MH594352_Kenya_2010	B-D.2	Kenya	2010	MH594352
MH594350_Kenya_2010	B-D.2	Kenya	2010	MH594350
MH594414_Kenya_2010	B-D.3	Kenya	2010	MH594414
MH594418_Kenya_2010	B-D.3	Kenya	2010	MH594418
MH594410_Kenya_2010	B-D.3	Kenya	2010	MH594410
MH594402_Kenya_2010	B-D.3	Kenya	2010	MH594402
MH594435_Kenya_2010	B-D.3	Kenya	2010	MH594435
MH594416_Kenya_2010	B-D.3	Kenya	2010	MH594416
MH594409_Kenya_2010	B-D.3	Kenya	2010	MH594409
MH594423_Kenya_2010	B-D.3	Kenya	2010	MH594423
MH594415_Kenya_2010	B-D.3	Kenya	2010	MH594415
MH594420_Kenya_2010	B-D.3	Kenya	2010	MH594420
MH594413_Kenya_2010	B-D.3	Kenya	2010	MH594413
MH594417_Kenya_2010	B-D.3	Kenya	2010	MH594417
MH594404_Kenya_2010	B-D.3	Kenya	2010	MH594404
MH594407_Kenya_2010	B-D.3	Kenya	2010	MH594407
MH594381_Kenya_2010	B-D.3	Kenya	2010	MH594381
MH594386_Kenya_2010	B-D.3	Kenya	2010	MH594386
MH594383_Kenya_2010	B-D.3	Kenya	2010	MH594383
MH594389_Kenya_2010	B-D.3	Kenya	2010	MH594389
MH594365_Kenya_2010	B-D.3	Kenya	2010	MH594365
MH594379_Kenya_2010	B-D.3	Kenya	2010	MH594379
MH594373_Kenya_2010	B-D.3	Kenya	2010	MH594373
MH594371_Kenya_2010	B-D.3	Kenya	2010	MH594371
MH594387_Kenya_2010	B-D.3	Kenya	2010	MH594387
EPI-ISL-15751948_Kenya_2007	B-D	Kenya	2007	EPI-ISL-15751948
EPI-ISL-15751946_Kenya_2009	B-D	Kenya	2009	EPI-ISL-15751946
EPI-ISL-15751947_Kenya_2008	B-D	Kenya	2008	EPI-ISL-15751947
EPI-ISL-6494898_England_2008	B-D	England	2008	EPI-ISL-6494898
EPI-ISL-15752004_Brazil_2008	B-D	Brazil	2008	EPI-ISL-15752004
EPI-ISL-15752002_Brazil_2008	B-D	Brazil	2008	EPI-ISL-15752002
MK109765_Jordan_2011	B-D	Jordan	2011	MK109765
MK109769_Jordan_2011	B-D	Jordan	2011	MK109769
MK109789_Jordan_2011	B-D	Jordan	2011	MK109789
EPI-ISL-6494932_England_2010	B-D	England	2010	EPI-ISL-6494932
MK109781_Jordan_2011	B-D	Jordan	2011	MK109781
EPI-ISL-6494926_England_2009	B-D	England	2009	EPI-ISL-6494926
MK109770_Jordan_2010	B-D	Jordan	2010	MK109770
EPI-ISL-6494902_England_2008	B-D	England	2008	EPI-ISL-6494902
EPI-ISL-6494906_England_2009	B-D	England	2009	EPI-ISL-6494906
EPI-ISL-15751995_Brazil_2009	B-D	Brazil	2009	EPI-ISL-15751995
OK649714_Brazil_2009	B-D	Brazil	2009	OK649714
OK649719_Brazil_2009	B-D	Brazil	2009	OK649719
EPI-ISL-6494933_England_2010	B-D.1	England	2010	EPI-ISL-6494933
EPI-ISL-6494900_England_2008	B-D.1	England	2008	EPI-ISL-6494900
KY249662_United-Kingdom_2013	B-D.1	United-Kingdom	2013	KY249662
OK649699_Brazil_2009	B-D.1	Brazil	2009	OK649699
EPI-ISL-6494923_England_2009	B-D.1	England	2009	EPI-ISL-6494923
KY249659_United-Kingdom_2013	B-D.1	United-Kingdom	2013	KY249659
EPI-ISL-6494910_England_2009	B-D.1	England	2009	EPI-ISL-6494910
EPI-ISL-6494924_England_2009	B-D.1	England	2009	EPI-ISL-6494924
EPI-ISL-6494914_England_2009	B-D.1	England	2009	EPI-ISL-6494914
MH594445_Kenya_2010	B-D.1	Kenya	2010	MH594445
MH594450_Kenya_2010	B-D.1	Kenya	2010	MH594450
MH594447_Kenya_2010	B-D.1	Kenya	2010	MH594447
MH594430_Kenya_2010	B-D.1	Kenya	2010	MH594430
MH594433_Kenya_2010	B-D.1	Kenya	2010	MH594433
MH594431_Kenya_2010	B-D.1	Kenya	2010	MH594431
MF001042_USA_2015	B-D.1	USA	2015	MF001042
EPI-ISL-6494918_England_2009	B-D.1	England	2009	EPI-ISL-6494918
EPI-ISL-15004436_Morocco_2012	B-D.1.1	Morocco	2012	EPI-ISL-15004436
EPI-ISL-15004437_Morocco_2012	B-D.1.1	Morocco	2012	EPI-ISL-15004437
EPI-ISL-15004434_Morocco_2012	B-D.1.1	Morocco	2012	EPI-ISL-15004434
ON237101_Argentina_2014	B-D.1.1	Argentina	2014	ON237101
ON237110_Argentina_2014	B-D.1.1	Argentina	2014	ON237110
ON237120_Argentina_2014	B-D.1.1	Argentina	2014	ON237120
KY249661_United-Kingdom_2013	B-D.1.1	United-Kingdom	2013	KY249661
KY249666_United-Kingdom_2013	B-D.1.1	United-Kingdom	2013	KY249666
KY249674_United-Kingdom_2012	B-D.1.1	United-Kingdom	2012	KY249674
EPI-ISL-15004432_Morocco_2012	B-D.1.1	Morocco	2012	EPI-ISL-15004432
ON237115_Argentina_2014	B-D.1.1	Argentina	2014	ON237115
ON237117_Argentina_2014	B-D.1.1	Argentina	2014	ON237117
EPI-ISL-15751994_Brazil_2009	B-D	Brazil	2009	EPI-ISL-15751994
EPI-ISL-15751993_Brazil_2009	B-D	Brazil	2009	EPI-ISL-15751993
OK649703_Brazil_2009	B-D	Brazil	2009	OK649703
OK649715_Brazil_2009	B-D	Brazil	2009	OK649715
OK649720_Brazil_2009	B-D	Brazil	2009	OK649720
EPI-ISL-6494917_England_2009	B-D	England	2009	EPI-ISL-6494917
EPI-ISL-6494905_England_2009	B-D	England	2009	EPI-ISL-6494905
MK453523_USA_2009	B-D	USA	2009	MK453523
OK649722_Brazil_2010	B-D	Brazil	2010	OK649722
EPI-ISL-15751953_Brazil_2010	B-D	Brazil	2010	EPI-ISL-15751953
MF001044_USA_2015	B-D	USA	2015	MF001044
OK649700_Brazil_2009	B-D	Brazil	2009	OK649700
ON237143_Argentina_2015	B-D.4	Argentina	2015	ON237143
ON237164_Argentina_2015	B-D.4	Argentina	2015	ON237164
ON237145_Argentina_2015	B-D.4	Argentina	2015	ON237145
ON237086_Argentina_2014	B-D.4	Argentina	2014	ON237086
ON237096_Argentina_2014	B-D.4	Argentina	2014	ON237096
ON237105_Argentina_2014	B-D.4	Argentina	2014	ON237105
ON237124_Argentina_2014	B-D.4	Argentina	2014	ON237124
ON237119_Argentina_2014	B-D.4	Argentina	2014	ON237119
MW582529_Germany_2015	B-D.4	Germany	2015	MW582529
ON237116_Argentina_2014	B-D.4	Argentina	2014	ON237116
ON237156_Argentina_2015	B-D.4	Argentina	2015	ON237156
MK749883_Nicaragua_2015	B-D.4	Nicaragua	2015	MK749883
MK109766_Jordan_2013	B-D.4	Jordan	2013	MK109766
MK109783_Jordan_2013	B-D.4	Jordan	2013	MK109783
MK109784_Jordan_2013	B-D.4	Jordan	2013	MK109784
MK109780_Jordan_2013	B-D.4	Jordan	2013	MK109780
MK109788_Jordan_2013	B-D.4	Jordan	2013	MK109788
MK109778_Jordan_2012	B-D.4	Jordan	2012	MK109778
MK109768_Jordan_2013	B-D.4	Jordan	2013	MK109768
MK109771_Jordan_2013	B-D.4	Jordan	2013	MK109771
ON237131_Argentina_2015	B-D.4	Argentina	2015	ON237131
ON237142_Argentina_2015	B-D.4	Argentina	2015	ON237142
ON237153_Argentina_2015	B-D.4	Argentina	2015	ON237153
KY249668_United-Kingdom_2012	B-D.4	United-Kingdom	2012	KY249668
ON237108_Argentina_2014	B-D.4	Argentina	2014	ON237108
ON237087_Argentina_2014	B-D.4	Argentina	2014	ON237087
KY249663_United-Kingdom_2013	B-D.4	United-Kingdom	2013	KY249663
ON237158_Argentina_2015	B-D.4	Argentina	2015	ON237158
ON237165_Argentina_2015	B-D.4	Argentina	2015	ON237165
MK109767_Jordan_2013	B-D.4	Jordan	2013	MK109767
ON237193_Argentina_2016	B-D.4	Argentina	2016	ON237193
KY249669_United-Kingdom_2012	B-D.4	United-Kingdom	2012	KY249669
KY249671_United-Kingdom_2012	B-D.4	United-Kingdom	2012	KY249671
MH594437_Kenya_2010	B-D.4	Kenya	2010	MH594437
MH594441_Kenya_2010	B-D.4	Kenya	2010	MH594441
MH594426_Kenya_2010	B-D.4	Kenya	2010	MH594426
MH594399_Kenya_2010	B-D.4	Kenya	2010	MH594399
MH594400_Kenya_2010	B-D.4	Kenya	2010	MH594400
MH594390_Kenya_2010	B-D.4	Kenya	2010	MH594390
MH594393_Kenya_2010	B-D.4	Kenya	2010	MH594393
EPI-ISL-6494934_England_2010	B-D.4	England	2010	EPI-ISL-6494934
KY249672_United-Kingdom_2012	B-D.4	United-Kingdom	2012	KY249672
KY249675_United-Kingdom_2012	B-D.4	United-Kingdom	2012	KY249675
KY249676_United-Kingdom_2012	B-D.4	United-Kingdom	2012	KY249676
EPI-ISL-6494945_England_2011	B-D.4	England	2011	EPI-ISL-6494945
EPI-ISL-6494944_England_2011	B-D.4	England	2011	EPI-ISL-6494944
EPI-ISL-6494947_England_2011	B-D.4	England	2011	EPI-ISL-6494947
ON237144_Argentina_2015	B-D.4	Argentina	2015	ON237144
ON237147_Argentina_2015	B-D.4	Argentina	2015	ON237147
ON237098_Argentina_2014	B-D.4	Argentina	2014	ON237098
ON237113_Argentina_2014	B-D.4	Argentina	2014	ON237113
ON237111_Argentina_2014	B-D.4	Argentina	2014	ON237111
ON237100_Argentina_2014	B-D.4	Argentina	2014	ON237100
ON237103_Argentina_2014	B-D.4	Argentina	2014	ON237103
ON237088_Argentina_2014	B-D.4	Argentina	2014	ON237088
EPI-ISL-6494930_England_2010	B-D.4	England	2010	EPI-ISL-6494930
ON237085_Argentina_2014	B-D.4	Argentina	2014	ON237085
ON237090_Argentina_2014	B-D.4	Argentina	2014	ON237090
ON237092_Argentina_2014	B-D.4	Argentina	2014	ON237092
ON237102_Argentina_2014	B-D.4	Argentina	2014	ON237102
ON237121_Argentina_2014	B-D.4	Argentina	2014	ON237121
EPI-ISL-15751943_USA_2014	B-D.4	USA	2014	EPI-ISL-15751943
ON237157_Argentina_2015	B-D.4	Argentina	2015	ON237157
ON237093_Argentina_2014	B-D.4	Argentina	2014	ON237093
ON237112_Argentina_2014	B-D.4	Argentina	2014	ON237112
ON237118_Argentina_2014	B-D.4	Argentina	2014	ON237118
ON237140_Argentina_2015	B-D.4	Argentina	2015	ON237140
ON237141_Argentina_2015	B-D.4	Argentina	2015	ON237141
ON237109_Argentina_2014	B-D.4	Argentina	2014	ON237109
KY249658_United-Kingdom_2013	B-D.4	United-Kingdom	2013	KY249658
MK749900_Nicaragua_2013	B-D.4	Nicaragua	2013	MK749900
OK649727_Brazil_2010	B-D.4	Brazil	2010	OK649727
EPI-ISL-6494936_England_2010	B-D.4	England	2010	EPI-ISL-6494936
MK109764_Jordan_2013	B-D.4	Jordan	2013	MK109764
EPI-ISL-6494942_England_2011	B-D.4	England	2011	EPI-ISL-6494942
MK109779_Jordan_2010	B-D.4	Jordan	2010	MK109779
OK649724_Brazil_2010	B-D.4	Brazil	2010	OK649724
EPI-ISL-6494928_England_2010	B-D.4	England	2010	EPI-ISL-6494928
EPI-ISL-6494929_England_2010	B-D.4	England	2010	EPI-ISL-6494929
OK649723_Brazil_2010	B-D.4	Brazil	2010	OK649723
EPI-ISL-6494927_England_2010	B-D.4	England	2010	EPI-ISL-6494927
EPI-ISL-6494943_England_2011	B-D.4	England	2011	EPI-ISL-6494943
EPI-ISL-6494946_England_2011	B-D.4	England	2011	EPI-ISL-6494946
EPI-ISL-6494907_England_2009	B-D.4	England	2009	EPI-ISL-6494907
EPI-ISL-6494916_England_2009	B-D.4	England	2009	EPI-ISL-6494916
EPI-ISL-6494921_England_2009	B-D.4	England	2009	EPI-ISL-6494921
EPI-ISL-6494940_England_2010	B-D.4	England	2010	EPI-ISL-6494940
OK649710_Brazil_2009	B-D.4	Brazil	2009	OK649710
EPI-ISL-6494897_England_2008	B-D.4	England	2008	EPI-ISL-6494897
EPI-ISL-15751955_Brazil_2010	B-D.4	Brazil	2010	EPI-ISL-15751955
OK649729_Brazil_2010	B-D.4	Brazil	2010	OK649729
EPI-ISL-6494938_England_2010	B-D.4	England	2010	EPI-ISL-6494938
EPI-ISL-15004431_Morocco_2012	B-D.4	Morocco	2012	EPI-ISL-15004431
EPI-ISL-6494931_England_2010	B-D.4	England	2010	EPI-ISL-6494931
EPI-ISL-15751956_Brazil_2010	B-D.4	Brazil	2010	EPI-ISL-15751956
EPI-ISL-6494937_England_2010	B-D.4	England	2010	EPI-ISL-6494937
OK649701_Brazil_2009	B-D.4	Brazil	2009	OK649701
OK649712_Brazil_2009	B-D.4	Brazil	2009	OK649712
EPI-ISL-6494939_England_2010	B-D.4	England	2010	EPI-ISL-6494939
EPI-ISL-15751951_Brazil_2010	B-D.4	Brazil	2010	EPI-ISL-15751951
EPI-ISL-6494948_England_2011	B-D.4	England	2011	EPI-ISL-6494948
EPI-ISL-15751952_Brazil_2010	B-D.5	Brazil	2010	EPI-ISL-15751952
OK649728_Brazil_2010	B-D.5	Brazil	2010	OK649728
EPI-ISL-15751998_Brazil_2009	B-D.5	Brazil	2009	EPI-ISL-15751998
EPI-ISL-15751992_Brazil_2009	B-D.5	Brazil	2009	EPI-ISL-15751992
OK649704_Brazil_2009	B-D.5	Brazil	2009	OK649704
EPI-ISL-15751996_Brazil_2009	B-D.5	Brazil	2009	EPI-ISL-15751996
OK649708_Brazil_2009	B-D.5	Brazil	2009	OK649708
EPI-ISL-15752000_Brazil_2009	B-D.5	Brazil	2009	EPI-ISL-15752000
OK649705_Brazil_2009	B-D.5	Brazil	2009	OK649705
OK649726_Brazil_2010	B-D.5	Brazil	2010	OK649726
EPI-ISL-15751999_Brazil_2009	B-D.5	Brazil	2009	EPI-ISL-15751999
EPI-ISL-6494987_England_2013	B-D.5	England	2013	EPI-ISL-6494987
KY249664_United-Kingdom_2013	B-D.5	United-Kingdom	2013	KY249664
KY249677_United-Kingdom_2012	B-D.5	United-Kingdom	2012	KY249677
EPI-ISL-6494913_England_2009	B-D.5	England	2009	EPI-ISL-6494913
EPI-ISL-6494941_England_2010	B-D.5	England	2010	EPI-ISL-6494941
KY249670_United-Kingdom_2012	B-D.5	United-Kingdom	2012	KY249670
KY249656_United-Kingdom_2014	B-D.5	United-Kingdom	2014	KY249656
ON237089_Argentina_2014	B-D.5	Argentina	2014	ON237089
MK989761_Kenya_2015	B-D.5	Kenya	2015	MK989761
EPI-ISL-6494790_England_2014	B-D.5	England	2014	EPI-ISL-6494790
EPI-ISL-6494791_England_2014	B-D.5	England	2014	EPI-ISL-6494791
KY249667_United-Kingdom_2012	B-D.5	United-Kingdom	2012	KY249667
KY249673_United-Kingdom_2012	B-D.5	United-Kingdom	2012	KY249673
LC385000_Philippines_2015	B-D.5.1	Philippines	2015	LC385000
LC385007_Philippines_2015	B-D.5.1	Philippines	2015	LC385007
EPI-ISL-6494812_England_2016	B-D.5.1	England	2016	EPI-ISL-6494812
LC385001_Philippines_2014	B-D.5.1	Philippines	2014	LC385001
MK109786_Jordan_2012	B-D.5.1	Jordan	2012	MK109786
EPI-ISL-10914986_Australia_2015	B-D.5.1	Australia	2015	EPI-ISL-10914986
EPI-ISL-6494810_England_2016	B-D.5.1	England	2016	EPI-ISL-6494810
EPI-ISL-6494795_England_2014	B-D.5.1	England	2014	EPI-ISL-6494795
EPI-ISL-6494797_England_2015	B-D.5.1	England	2015	EPI-ISL-6494797
ON237136_Argentina_2015	B-D.5.1	Argentina	2015	ON237136
ON237146_Argentina_2015	B-D.5.1	Argentina	2015	ON237146
ON237151_Argentina_2015	B-D.5.1	Argentina	2015	ON237151
ON237129_Argentina_2015	B-D.5.1	Argentina	2015	ON237129
ON237162_Argentina_2015	B-D.5.1	Argentina	2015	ON237162
ON237167_Argentina_2015	B-D.5.1	Argentina	2015	ON237167
ON237154_Argentina_2015	B-D.5.1	Argentina	2015	ON237154
KY249657_United-Kingdom_2014	B-D.5.1	United-Kingdom	2014	KY249657
ON237114_Argentina_2014	B-D.5.1	Argentina	2014	ON237114
EPI-ISL-15120685_Morocco_2015	B-D.5.1	Morocco	2015	EPI-ISL-15120685
MK109782_Jordan_2013	B-D.5.1	Jordan	2013	MK109782
EPI-ISL-5522629_Cote-dIvoire_2018	B-D.5.1	Cote-dIvoire	2018	EPI-ISL-5522629
EPI-ISL-6174134_Cote-dIvoire_2017	B-D.5.1	Cote-dIvoire	2017	EPI-ISL-6174134
MZ516025_Netherlands_2017	B-D.5.1	Netherlands	2017	MZ516025
EPI-ISL-5522625_Cote-dIvoire_2017	B-D.5.1	Cote-dIvoire	2017	EPI-ISL-5522625
EPI-ISL-5522626_Cote-dIvoire_2017	B-D.5.1	Cote-dIvoire	2017	EPI-ISL-5522626
EPI-ISL-15120734_Morocco_2016	B-D.5.1	Morocco	2016	EPI-ISL-15120734
ON237099_Argentina_2014	B-D.5.1	Argentina	2014	ON237099
ON237130_Argentina_2015	B-D.5	Argentina	2015	ON237130
ON237134_Argentina_2015	B-D.5	Argentina	2015	ON237134
ON237133_Argentina_2015	B-D.5	Argentina	2015	ON237133
ON237159_Argentina_2015	B-D.5	Argentina	2015	ON237159
ON237160_Argentina_2015	B-D.5	Argentina	2015	ON237160
MZ515611_Netherlands_2018	B-D.5.2	Netherlands	2018	MZ515611
MZ515868_Netherlands_2018	B-D.5.2	Netherlands	2018	MZ515868
MZ515674_Netherlands_2018	B-D.5.2	Netherlands	2018	MZ515674
ON237179_Argentina_2016	B-D.5.2	Argentina	2016	ON237179
ON237204_Argentina_2016	B-D.5.2	Argentina	2016	ON237204
EPI-ISL-15120762_Morocco_2017	B-D.5.2	Morocco	2017	EPI-ISL-15120762
LR699726_United-Kingdom_2017	B-D.5.2	United-Kingdom	2017	LR699726
ON237177_Argentina_2016	B-D.5.2	Argentina	2016	ON237177
ON237198_Argentina_2016	B-D.5.2	Argentina	2016	ON237198
ON237191_Argentina_2016	B-D.5.2	Argentina	2016	ON237191
ON237200_Argentina_2016	B-D.5.2	Argentina	2016	ON237200
ON237186_Argentina_2016	B-D.5.2	Argentina	2016	ON237186
ON237201_Argentina_2016	B-D.5.2	Argentina	2016	ON237201
ON237207_Argentina_2016	B-D.5.2	Argentina	2016	ON237207
MZ515574_Netherlands_2018	B-D.5.2	Netherlands	2018	MZ515574
ON237184_Argentina_2016	B-D.5.2	Argentina	2016	ON237184
ON237178_Argentina_2016	B-D.5.2	Argentina	2016	ON237178
ON237196_Argentina_2016	B-D.5.2	Argentina	2016	ON237196
ON237181_Argentina_2016	B-D.5.2	Argentina	2016	ON237181
ON237180_Argentina_2016	B-D.5.2	Argentina	2016	ON237180
ON237194_Argentina_2016	B-D.5.2	Argentina	2016	ON237194
ON237209_Argentina_2016	B-D.5.2	Argentina	2016	ON237209
ON237192_Argentina_2016	B-D.5.2	Argentina	2016	ON237192
ON237174_Argentina_2016	B-D.5.2	Argentina	2016	ON237174
ON237182_Argentina_2016	B-D.5.2	Argentina	2016	ON237182
ON237199_Argentina_2016	B-D.5.2	Argentina	2016	ON237199
ON237185_Argentina_2016	B-D.5.2	Argentina	2016	ON237185
ON237197_Argentina_2016	B-D.5.2	Argentina	2016	ON237197
ON237173_Argentina_2016	B-D.5.2	Argentina	2016	ON237173
ON237206_Argentina_2016	B-D.5.2	Argentina	2016	ON237206
LC488177_Japan_2016	B-D.5.2	Japan	2016	LC488177
EPI-ISL-6494826_England_2016	B-D.5.2	England	2016	EPI-ISL-6494826
MZ515554_Netherlands_2017	B-D.5.2	Netherlands	2017	MZ515554
EPI-ISL-16714592_England_2022	B-D.5.2	England	2022	EPI-ISL-16714592
EPI-ISL-16714315_England_2021	B-D.5.2	England	2021	EPI-ISL-16714315
EPI-ISL-16714730_England_2022	B-D.5.2	England	2022	EPI-ISL-16714730
OK500261_France_2021	B-D.5.2	France	2021	OK500261
OK500263_France_2021	B-D.5.2	France	2021	OK500263
EPI-ISL-15120795_Morocco_2019	B-D.5.2	Morocco	2019	EPI-ISL-15120795
EPI-ISL-6174137_Cote-dIvoire_2018	B-D.5.2	Cote-dIvoire	2018	EPI-ISL-6174137
MK749871_Nicaragua_2015	B-D.5.2	Nicaragua	2015	MK749871
MK749892_Nicaragua_2015	B-D.5.2	Nicaragua	2015	MK749892
MK749872_Nicaragua_2016	B-D.5.2	Nicaragua	2016	MK749872
MK749898_Nicaragua_2015	B-D.5.2	Nicaragua	2015	MK749898
MK749902_Nicaragua_2015	B-D.5.2	Nicaragua	2015	MK749902
EPI-ISL-4569432_Australia_2015	B-D.5.2	Australia	2015	EPI-ISL-4569432
EPI-ISL-15120752_Morocco_2017	B-D.5.2	Morocco	2017	EPI-ISL-15120752
ON237148_Argentina_2015	B-D.5.2	Argentina	2015	ON237148
ON237217_Argentina_2017	B-D.5.2	Argentina	2017	ON237217
ON237150_Argentina_2015	B-D.5.2	Argentina	2015	ON237150
ON237168_Argentina_2015	B-D.5.2	Argentina	2015	ON237168
LC384999_Philippines_2014	B-D.5.2	Philippines	2014	LC384999
LC385005_Philippines_2014	B-D.5.2	Philippines	2014	LC385005
MK749873_Nicaragua_2015	B-D.5.2	Nicaragua	2015	MK749873
MK749881_Nicaragua_2015	B-D.5.2	Nicaragua	2015	MK749881
MK749877_Nicaragua_2015	B-D.5.2	Nicaragua	2015	MK749877
MK749891_Nicaragua_2015	B-D.5.2	Nicaragua	2015	MK749891
MK749899_Nicaragua_2016	B-D.5.2	Nicaragua	2016	MK749899
ON237084_Argentina_2014	B-D.5.2	Argentina	2014	ON237084
ON237122_Argentina_2014	B-D.5.2	Argentina	2014	ON237122
ON237091_Argentina_2014	B-D.5.2	Argentina	2014	ON237091
ON237127_Argentina_2014	B-D.5.2	Argentina	2014	ON237127
ON237152_Argentina_2015	B-D.5.2	Argentina	2015	ON237152
ON237125_Argentina_2014	B-D.5.2	Argentina	2014	ON237125
LC384997_Philippines_2014	B-D.5.2	Philippines	2014	LC384997
EPI-ISL-6494804_England_2015	B-D.5.2	England	2015	EPI-ISL-6494804
EPI-ISL-15120705_Morocco_2016	B-D.5.2	Morocco	2016	EPI-ISL-15120705
EPI-ISL-15120707_Morocco_2016	B-D.5.2	Morocco	2016	EPI-ISL-15120707
KY249683_United-Kingdom_2016	B-D.5.2	United-Kingdom	2016	KY249683
EPI-ISL-6494803_England_2015	B-D.5.2	England	2015	EPI-ISL-6494803
KY249681_United-Kingdom_2016	B-D.5.2	United-Kingdom	2016	KY249681
MZ515587_Netherlands_2018	B-D.5.2	Netherlands	2018	MZ515587
MZ515996_Netherlands_2018	B-D.5.2	Netherlands	2018	MZ515996
MZ515793_Netherlands_2017	B-D.5.2	Netherlands	2017	MZ515793
MZ515869_Netherlands_2018	B-D.5.2	Netherlands	2018	MZ515869
MZ516126_Netherlands_2017	B-D.5.2	Netherlands	2017	MZ516126
EPI-ISL-15120764_Morocco_2017	B-D.5.2	Morocco	2017	EPI-ISL-15120764
ON237166_Argentina_2015	B-D.5.2	Argentina	2015	ON237166
ON237203_Argentina_2016	B-D.5.2	Argentina	2016	ON237203
ON237176_Argentina_2016	B-D.5.2	Argentina	2016	ON237176
ON237189_Argentina_2016	B-D.5.2	Argentina	2016	ON237189
ON237183_Argentina_2016	B-D.5.2	Argentina	2016	ON237183
EPI-ISL-6494814_England_2016	B-D.5.2	England	2016	EPI-ISL-6494814
EPI-ISL-15120757_Morocco_2017	B-D.5.2	Morocco	2017	EPI-ISL-15120757
EPI-ISL-15120761_Morocco_2017	B-D.5.2	Morocco	2017	EPI-ISL-15120761
EPI-ISL-15120756_Morocco_2017	B-D.5.2	Morocco	2017	EPI-ISL-15120756
EPI-ISL-15120769_Morocco_2017	B-D.5.2	Morocco	2017	EPI-ISL-15120769
EPI-ISL-15120765_Morocco_2017	B-D.5.2	Morocco	2017	EPI-ISL-15120765
LR699738_Spain_2018	B-D.5.2	Spain	2018	LR699738
LR699740_Spain_2018	B-D.5.2	Spain	2018	LR699740
LR699739_Spain_2018	B-D.5.2	Spain	2018	LR699739
LR699741_Spain_2017	B-D.5.2	Spain	2017	LR699741
EPI-ISL-6494827_England_2016	B-D.5.2	England	2016	EPI-ISL-6494827
ON237211_Argentina_2017	B-D.5.2	Argentina	2017	ON237211
MH327947_India_2017	B-D.5.2	India	2017	MH327947
MZ515918_Netherlands_2017	B-D.5.2	Netherlands	2017	MZ515918
EPI-ISL-6494798_England_2015	B-D.5.2	England	2015	EPI-ISL-6494798
MK989762_Kenya_2015	B-D.5.2	Kenya	2015	MK989762
MZ515764_Netherlands_2019	B-D.5.2	Netherlands	2019	MZ515764
EPI-ISL-15120722_Morocco_2016	B-D.5.2	Morocco	2016	EPI-ISL-15120722
LR699735_United-Kingdom_2017	B-D.5.2	United-Kingdom	2017	LR699735
MZ515924_United-Kingdom_2018	B-D.5.2	United-Kingdom	2018	MZ515924
EPI-ISL-6494799_England_2015	B-D.5.2	England	2015	EPI-ISL-6494799
KY249682_United-Kingdom_2016	B-D.5.2	United-Kingdom	2016	KY249682
EPI-ISL-6494825_England_2016	B-D.5.2	England	2016	EPI-ISL-6494825
MZ515831_Netherlands_2018	B-D.5.2	Netherlands	2018	MZ515831
MZ516082_Netherlands_2017	B-D.5.2	Netherlands	2017	MZ516082
MZ515603_Netherlands_2017	B-D.5.2	Netherlands	2017	MZ515603
EPI-ISL-15120746_Morocco_2017	B-D.5.2	Morocco	2017	EPI-ISL-15120746
EPI-ISL-6174138_Egypt_2019	B-D.5.2	Egypt	2019	EPI-ISL-6174138
LC385006_Philippines_2016	B-D.5.2	Philippines	2016	LC385006
MZ516041_Netherlands_2018	B-D.5.2	Netherlands	2018	MZ516041
MK749866_Nicaragua_2015	B-D.5.2	Nicaragua	2015	MK749866
MK749880_Nicaragua_2015	B-D.5.2	Nicaragua	2015	MK749880
MK749914_Nicaragua_2015	B-D.5.2	Nicaragua	2015	MK749914
MK749879_Nicaragua_2015	B-D.5.2	Nicaragua	2015	MK749879
MK749904_Nicaragua_2015	B-D.5.2	Nicaragua	2015	MK749904
MK749888_Nicaragua_2015	B-D.5.2	Nicaragua	2015	MK749888
MK749878_Nicaragua_2015	B-D.5.2	Nicaragua	2015	MK749878
MK749906_Nicaragua_2015	B-D.5.2	Nicaragua	2015	MK749906
MK749907_Nicaragua_2015	B-D.5.2	Nicaragua	2015	MK749907
MK749903_Nicaragua_2015	B-D.5.2	Nicaragua	2015	MK749903
MK749870_Nicaragua_2015	B-D.5.2	Nicaragua	2015	MK749870
MK749874_Nicaragua_2015	B-D.5.2	Nicaragua	2015	MK749874
MK749915_Nicaragua_2016	B-D.5.2	Nicaragua	2016	MK749915
MK749897_Nicaragua_2016	B-D.5.2	Nicaragua	2016	MK749897
MK749908_Nicaragua_2016	B-D.5.2	Nicaragua	2016	MK749908
MK749905_Nicaragua_2015	B-D.5.2	Nicaragua	2015	MK749905
MK749889_Nicaragua_2015	B-D.5.2	Nicaragua	2015	MK749889
MK749896_Nicaragua_2015	B-D.5.2	Nicaragua	2015	MK749896
MK749876_Nicaragua_2015	B-D.5.2	Nicaragua	2015	MK749876
MK749875_Nicaragua_2016	B-D.5.2	Nicaragua	2016	MK749875
MK749868_Nicaragua_2016	B-D.5.2	Nicaragua	2016	MK749868
MK749882_Nicaragua_2016	B-D.5.2	Nicaragua	2016	MK749882
MK749885_Nicaragua_2016	B-D.5.2	Nicaragua	2016	MK749885
MK749901_Nicaragua_2016	B-D.5.2	Nicaragua	2016	MK749901
MK749869_Nicaragua_2016	B-D.5.2	Nicaragua	2016	MK749869
MK749916_Nicaragua_2016	B-D.5.2	Nicaragua	2016	MK749916
MK749894_Nicaragua_2016	B-D.5.2	Nicaragua	2016	MK749894
MK749910_Nicaragua_2016	B-D.5.2	Nicaragua	2016	MK749910
MK749887_Nicaragua_2015	B-D.5.2	Nicaragua	2015	MK749887
LR699743_Spain_2018	B-D.5.2	Spain	2018	LR699743
MZ515648_Netherlands_2018	B-D.5.2	Netherlands	2018	MZ515648
MZ515836_Netherlands_2018	B-D.5.2	Netherlands	2018	MZ515836
MZ516104_Netherlands_2018	B-D.5.2	Netherlands	2018	MZ516104
MZ516045_United-Kingdom_2017	B-D.5.2	United-Kingdom	2017	MZ516045
OM857396_Australia_2020	B-D.5.2	Australia	2020	OM857396
OM857397_Australia_2020	B-D.5.2	Australia	2020	OM857397
MT040084_USA_2016	B-D.5.2	USA	2016	MT040084
MT040088_USA_2016	B-D.5.2	USA	2016	MT040088
MT040086_USA_2016	B-D.5.2	USA	2016	MT040086
LC385008_Philippines_2016	B-D.5.2	Philippines	2016	LC385008
MT040087_USA_2016	B-D.5.2	USA	2016	MT040087
ON237214_Argentina_2017	B-D.5.2	Argentina	2017	ON237214
ON237216_Argentina_2017	B-D.5.2	Argentina	2017	ON237216
ON237155_Argentina_2015	B-D.5.2	Argentina	2015	ON237155
EPI-ISL-15120687_Morocco_2015	B-D.5.2	Morocco	2015	EPI-ISL-15120687
EPI-ISL-15120699_Morocco_2016	B-D.5.2	Morocco	2016	EPI-ISL-15120699
EPI-ISL-15120698_Morocco_2016	B-D.5.2	Morocco	2016	EPI-ISL-15120698
EPI-ISL-15120740_Morocco_2017	B-D.5.2	Morocco	2017	EPI-ISL-15120740
EPI-ISL-15120742_Morocco_2017	B-D.5.2	Morocco	2017	EPI-ISL-15120742
EPI-ISL-15120693_Morocco_2016	B-D.5.2	Morocco	2016	EPI-ISL-15120693
EPI-ISL-15120700_Morocco_2016	B-D.5.2	Morocco	2016	EPI-ISL-15120700
EPI-ISL-15120766_Morocco_2017	B-D.5.2	Morocco	2017	EPI-ISL-15120766
EPI-ISL-15120736_Morocco_2016	B-D.5.2	Morocco	2016	EPI-ISL-15120736
EPI-ISL-15120704_Morocco_2016	B-D.5.2	Morocco	2016	EPI-ISL-15120704
EPI-ISL-15120711_Morocco_2016	B-D.5.2	Morocco	2016	EPI-ISL-15120711
EPI-ISL-15120708_Morocco_2016	B-D.5.2	Morocco	2016	EPI-ISL-15120708
EPI-ISL-15120686_Morocco_2015	B-D.5.2	Morocco	2015	EPI-ISL-15120686
EPI-ISL-15120784_Morocco_2018	B-D.5.2	Morocco	2018	EPI-ISL-15120784
EPI-ISL-15120712_Morocco_2016	B-D.5.2	Morocco	2016	EPI-ISL-15120712
ON237138_Argentina_2015	B-D.5.2	Argentina	2015	ON237138
EPI-ISL-15120749_Morocco_2017	B-D.5.2	Morocco	2017	EPI-ISL-15120749
EPI-ISL-15120733_Morocco_2016	B-D.5.2	Morocco	2016	EPI-ISL-15120733
EPI-ISL-15120684_Morocco_2015	B-D.5.2	Morocco	2015	EPI-ISL-15120684
EPI-ISL-15120767_Morocco_2017	B-D.5.2	Morocco	2017	EPI-ISL-15120767
EPI-ISL-16905450_Morocco_2016	B-D.5.2	Morocco	2016	EPI-ISL-16905450
EPI-ISL-6494786_England_2014	B-D.5.2	England	2014	EPI-ISL-6494786
EPI-ISL-5522627_Cote-dIvoire_2017	B-D.5.2	Cote-dIvoire	2017	EPI-ISL-5522627
LR699742_Spain_2017	B-D.5.2	Spain	2017	LR699742
EPI-ISL-6174132_Cote-dIvoire_2017	B-D.5.2	Cote-dIvoire	2017	EPI-ISL-6174132
EPI-ISL-6174133_Cote-dIvoire_2017	B-D.5.2	Cote-dIvoire	2017	EPI-ISL-6174133
MZ516032_Netherlands_2017	B-D.5.2	Netherlands	2017	MZ516032
EPI-ISL-15120691_Morocco_2016	B-D.5.2	Morocco	2016	EPI-ISL-15120691
MZ515889_Netherlands_2019	B-D.5.2	Netherlands	2019	MZ515889
EPI-ISL-15120737_Morocco_2017	B-D.5.2	Morocco	2017	EPI-ISL-15120737
EPI-ISL-15120751_Morocco_2017	B-D.5.2	Morocco	2017	EPI-ISL-15120751
EPI-ISL-15120758_Morocco_2017	B-D.5.2	Morocco	2017	EPI-ISL-15120758
EPI-ISL-15120759_Morocco_2017	B-D.5.2	Morocco	2017	EPI-ISL-15120759
EPI-ISL-15120755_Morocco_2017	B-D.5.2	Morocco	2017	EPI-ISL-15120755
EPI-ISL-15120768_Morocco_2017	B-D.5.2	Morocco	2017	EPI-ISL-15120768
EPI-ISL-15120725_Morocco_2016	B-D.5.2	Morocco	2016	EPI-ISL-15120725
EPI-ISL-15120747_Morocco_2017	B-D.5.2	Morocco	2017	EPI-ISL-15120747
EPI-ISL-15120724_Morocco_2016	B-D.5.2	Morocco	2016	EPI-ISL-15120724
EPI-ISL-15120720_Morocco_2016	B-D.5.2	Morocco	2016	EPI-ISL-15120720
EPI-ISL-15120697_Morocco_2016	B-D.5.2	Morocco	2016	EPI-ISL-15120697
EPI-ISL-15120744_Morocco_2017	B-D.5.2	Morocco	2017	EPI-ISL-15120744
EPI-ISL-15120702_Morocco_2016	B-D.5.2	Morocco	2016	EPI-ISL-15120702
EPI-ISL-15120714_Morocco_2016	B-D.5.2	Morocco	2016	EPI-ISL-15120714
EPI-ISL-15120701_Morocco_2016	B-D.5.2	Morocco	2016	EPI-ISL-15120701
EPI-ISL-16905449_Morocco_2016	B-D.5.2	Morocco	2016	EPI-ISL-16905449
KY674984_USA_2016	B-D.5.2	USA	2016	KY674984
EPI-ISL-15120763_Morocco_2017	B-D.5.2	Morocco	2017	EPI-ISL-15120763
EPI-ISL-15120750_Morocco_2017	B-D.5.2	Morocco	2017	EPI-ISL-15120750
EPI-ISL-15120732_Morocco_2016	B-D.5.2	Morocco	2016	EPI-ISL-15120732
EPI-ISL-15120741_Morocco_2017	B-D.5.2	Morocco	2017	EPI-ISL-15120741
EPI-ISL-15120760_Morocco_2017	B-D.5.2	Morocco	2017	EPI-ISL-15120760
EPI-ISL-15120753_Morocco_2017	B-D.5.2	Morocco	2017	EPI-ISL-15120753
EPI-ISL-15120695_Morocco_2016	B-D.5.2	Morocco	2016	EPI-ISL-15120695
EPI-ISL-15120709_Morocco_2016	B-D.5.2	Morocco	2016	EPI-ISL-15120709
EPI-ISL-15120696_Morocco_2016	B-D.5.2	Morocco	2016	EPI-ISL-15120696
EPI-ISL-15120710_Morocco_2016	B-D.5.2	Morocco	2016	EPI-ISL-15120710
EPI-ISL-15120735_Morocco_2016	B-D.5.2	Morocco	2016	EPI-ISL-15120735
EPI-ISL-15120748_Morocco_2017	B-D.5.2	Morocco	2017	EPI-ISL-15120748
ON237208_Argentina_2016	B-D.5.2	Argentina	2016	ON237208
KY249660_United-Kingdom_2013	B-D.5.2	United-Kingdom	2013	KY249660
EPI-ISL-15772196_USA_2017	B-D.5.2.1	USA	2017	EPI-ISL-15772196
MZ515970_United-Kingdom_2018	B-D.5.2.1	United-Kingdom	2018	MZ515970
OQ261736_Austria_2019	B-D.5.2.1	Austria	2019	OQ261736
MZ515591_United-Kingdom_2018	B-D.5.2.1	United-Kingdom	2018	MZ515591
EPI-ISL-6268457_China_2020	B-D.5.2.1	China	2020	EPI-ISL-6268457
EPI-ISL-6268597_China_2020	B-D.5.2.1	China	2020	EPI-ISL-6268597
EPI-ISL-6494813_England_2016	B-D.5.2.1	England	2016	EPI-ISL-6494813
MZ515608_Spain_2019	B-D.5.2.1	Spain	2019	MZ515608
EPI-ISL-15067703_Argentina_2018	B-D.5.2.1	Argentina	2018	EPI-ISL-15067703
EPI-ISL-15055347_Argentina_2018	B-D.5.2.1	Argentina	2018	EPI-ISL-15055347
EPI-ISL-15067694_Argentina_2018	B-D.5.2.1	Argentina	2018	EPI-ISL-15067694
MZ515613_United-Kingdom_2018	B-D.5.2.1	United-Kingdom	2018	MZ515613
MZ516095_Netherlands_2018	B-D.5.2.1	Netherlands	2018	MZ516095
MZ515761_Netherlands_2018	B-D.5.2.1	Netherlands	2018	MZ515761
MZ516022_Netherlands_2018	B-D.5.2.1	Netherlands	2018	MZ516022
EPI-ISL-10954009_England_2018	B-D.5.2.1	England	2018	EPI-ISL-10954009
MK534511_Russia_2018	B-D.5.2.1	Russia	2018	MK534511
MZ515612_Netherlands_2017	B-D.5.2.1	Netherlands	2017	MZ515612
MK534510_Russia_2018	B-D.5.2.1	Russia	2018	MK534510
MZ515625_Netherlands_2018	B-D.5.2.1	Netherlands	2018	MZ515625
MZ515865_Netherlands_2018	B-D.5.2.1	Netherlands	2018	MZ515865
MZ515665_Netherlands_2017	B-D.5.2.1	Netherlands	2017	MZ515665
MZ515683_Netherlands_2018	B-D.5.2.1	Netherlands	2018	MZ515683
MZ516113_Netherlands_2019	B-D.5.2.1	Netherlands	2019	MZ516113
EPI-ISL-15120779_Morocco_2017	B-D.5.2.1	Morocco	2017	EPI-ISL-15120779
MZ515694_United-Kingdom_2018	B-D.5.2.1	United-Kingdom	2018	MZ515694
MZ516107_United-Kingdom_2018	B-D.5.2.1	United-Kingdom	2018	MZ516107
MZ515637_United-Kingdom_2018	B-D.5.2.1	United-Kingdom	2018	MZ515637
MZ515716_United-Kingdom_2018	B-D.5.2.1	United-Kingdom	2018	MZ515716
MZ515849_Netherlands_2017	B-D.5.2.1	Netherlands	2017	MZ515849
MZ515925_United-Kingdom_2019	B-D.5.2.1	United-Kingdom	2019	MZ515925
MZ515817_Netherlands_2017	B-D.5.2.1	Netherlands	2017	MZ515817
MZ515667_United-Kingdom_2018	B-D.5.2.1	United-Kingdom	2018	MZ515667
MZ515704_Netherlands_2018	B-D.5.2.1	Netherlands	2018	MZ515704
MZ515561_United-Kingdom_2019	B-D.5.2.1	United-Kingdom	2019	MZ515561
MZ515890_United-Kingdom_2018	B-D.5.2.1	United-Kingdom	2018	MZ515890
MZ515627_United-Kingdom_2018	B-D.5.2.1	United-Kingdom	2018	MZ515627
MZ515809_United-Kingdom_2018	B-D.5.2.1	United-Kingdom	2018	MZ515809
EPI-ISL-15120794_Morocco_2019	B-D.5.2.1	Morocco	2019	EPI-ISL-15120794
EPI-ISL-15120799_Morocco_2019	B-D.5.2.1	Morocco	2019	EPI-ISL-15120799
MZ515669_United-Kingdom_2018	B-D.5.2.1	United-Kingdom	2018	MZ515669
MZ515698_United-Kingdom_2018	B-D.5.2.1	United-Kingdom	2018	MZ515698
MZ515663_Netherlands_2018	B-D.5.2.1	Netherlands	2018	MZ515663
MZ515926_Netherlands_2017	B-D.5.2.1	Netherlands	2017	MZ515926
MZ516060_Netherlands_2018	B-D.5.2.1	Netherlands	2018	MZ516060
EPI-ISL-15067699_Argentina_2018	B-D.5.2.1	Argentina	2018	EPI-ISL-15067699
MZ515738_Spain_2018	B-D.5.2.1	Spain	2018	MZ515738
ON237212_Argentina_2017	B-D.5.2.1	Argentina	2017	ON237212
EPI-ISL-6494817_England_2016	B-D.5.2.1	England	2016	EPI-ISL-6494817
ON237171_Argentina_2016	B-D.5.2.1	Argentina	2016	ON237171
EPI-ISL-16929307_Scotland_2022	B-D.5.2.1.1	Scotland	2022	EPI-ISL-16929307
EPI-ISL-16881203_Scotland_2022	B-D.5.2.1.1	Scotland	2022	EPI-ISL-16881203
EPI-ISL-16881208_Scotland_2022	B-D.5.2.1.1	Scotland	2022	EPI-ISL-16881208
EPI-ISL-16881198_Scotland_2022	B-D.5.2.1.1	Scotland	2022	EPI-ISL-16881198
EPI-ISL-16881187_Scotland_2022	B-D.5.2.1.1	Scotland	2022	EPI-ISL-16881187
EPI-ISL-16714718_England_2022	B-D.5.2.1.1	England	2022	EPI-ISL-16714718
EPI-ISL-16714722_England_2022	B-D.5.2.1.1	England	2022	EPI-ISL-16714722
EPI-ISL-16881189_Scotland_2022	B-D.5.2.1.1	Scotland	2022	EPI-ISL-16881189
EPI-ISL-16672884_England_2022	B-D.5.2.1.1	England	2022	EPI-ISL-16672884
EPI-ISL-16714614_England_2021	B-D.5.2.1.1	England	2021	EPI-ISL-16714614
EPI-ISL-16714573_England_2022	B-D.5.2.1.1	England	2022	EPI-ISL-16714573
EPI-ISL-16714709_England_2022	B-D.5.2.1.1	England	2022	EPI-ISL-16714709
EPI-ISL-16737028_England_2022	B-D.5.2.1.1	England	2022	EPI-ISL-16737028
EPI-ISL-16672925_England_2022	B-D.5.2.1.1	England	2022	EPI-ISL-16672925
EPI-ISL-16672817_England_2022	B-D.5.2.1.1	England	2022	EPI-ISL-16672817
EPI-ISL-16714686_England_2021	B-D.5.2.1.1	England	2021	EPI-ISL-16714686
EPI-ISL-13231411_Israel_2021	B-D.5.2.1.1	Israel	2021	EPI-ISL-13231411
EPI-ISL-13231438_Israel_2021	B-D.5.2.1.1	Israel	2021	EPI-ISL-13231438
EPI-ISL-14769851_South-Africa_2022	B-D.5.2.1.1	South-Africa	2022	EPI-ISL-14769851
EPI-ISL-16714707_England_2022	B-D.5.2.1.1	England	2022	EPI-ISL-16714707
EPI-ISL-16714387_England_2021	B-D.5.2.1.1	England	2021	EPI-ISL-16714387
EPI-ISL-16714806_Australia_2022	B-D.5.2.1.1	Australia	2022	EPI-ISL-16714806
EPI-ISL-16609708_England_2022	B-D.5.2.1.1	England	2022	EPI-ISL-16609708
EPI-ISL-16881188_Scotland_2022	B-D.5.2.1.1	Scotland	2022	EPI-ISL-16881188
OQ357797_USA_2022	B-D.5.2.1.1	USA	2022	OQ357797
EPI-ISL-16881199_Scotland_2022	B-D.5.2.1.1	Scotland	2022	EPI-ISL-16881199
EPI-ISL-16737025_England_2022	B-D.5.2.1.1	England	2022	EPI-ISL-16737025
EPI-ISL-16714585_England_2022	B-D.5.2.1.1	England	2022	EPI-ISL-16714585
EPI-ISL-16714370_England_2021	B-D.5.2.1.1	England	2021	EPI-ISL-16714370
EPI-ISL-16714660_England_2021	B-D.5.2.1.1	England	2021	EPI-ISL-16714660
EPI-ISL-16714668_England_2021	B-D.5.2.1.1	England	2021	EPI-ISL-16714668
EPI-ISL-16672811_England_2022	B-D.5.2.1.1	England	2022	EPI-ISL-16672811
EPI-ISL-16714659_England_2021	B-D.5.2.1.1	England	2021	EPI-ISL-16714659
EPI-ISL-16714616_England_2021	B-D.5.2.1.1	England	2021	EPI-ISL-16714616
EPI-ISL-16714287_England_2021	B-D.5.2.1.1	England	2021	EPI-ISL-16714287
EPI-ISL-16714351_England_2021	B-D.5.2.1.1	England	2021	EPI-ISL-16714351
EPI-ISL-16714670_England_2021	B-D.5.2.1.1	England	2021	EPI-ISL-16714670
EPI-ISL-16714736_England_2022	B-D.5.2.1.1	England	2022	EPI-ISL-16714736
EPI-ISL-16714685_England_2021	B-D.5.2.1.1	England	2021	EPI-ISL-16714685
EPI-ISL-16714724_England_2022	B-D.5.2.1.1	England	2022	EPI-ISL-16714724
EPI-ISL-16714716_England_2022	B-D.5.2.1.1	England	2022	EPI-ISL-16714716
EPI-ISL-16737039_England_2022	B-D.5.2.1.1	England	2022	EPI-ISL-16737039
EPI-ISL-16714706_England_2022	B-D.5.2.1.1	England	2022	EPI-ISL-16714706
EPI-ISL-16714738_England_2022	B-D.5.2.1.1	England	2022	EPI-ISL-16714738
EPI-ISL-16609721_England_2022	B-D.5.2.1.1	England	2022	EPI-ISL-16609721
EPI-ISL-16714589_England_2022	B-D.5.2.1.1	England	2022	EPI-ISL-16714589
EPI-ISL-16714712_England_2022	B-D.5.2.1.1	England	2022	EPI-ISL-16714712
EPI-ISL-16714735_England_2022	B-D.5.2.1.1	England	2022	EPI-ISL-16714735
EPI-ISL-16609768_England_2022	B-D.5.2.1.1	England	2022	EPI-ISL-16609768
EPI-ISL-16714675_England_2021	B-D.5.2.1.1	England	2021	EPI-ISL-16714675
EPI-ISL-16714648_England_2021	B-D.5.2.1.1	England	2021	EPI-ISL-16714648
OP890346_USA_2022	B-D.5.2.1.1	USA	2022	OP890346
EPI-ISL-15055353_Argentina_2021	B-D.5.2.1.1	Argentina	2021	EPI-ISL-15055353
EPI-ISL-16714678_England_2021	B-D.5.2.1.1	England	2021	EPI-ISL-16714678
EPI-ISL-16709000_England_2021	B-D.5.2.1.1	England	2021	EPI-ISL-16709000
EPI-ISL-16714418_England_2021	B-D.5.2.1.1	England	2021	EPI-ISL-16714418
EPI-ISL-16609729_England_2022	B-D.5.2.1.1	England	2022	EPI-ISL-16609729
EPI-ISL-16714349_England_2021	B-D.5.2.1.1	England	2021	EPI-ISL-16714349
EPI-ISL-16672917_England_2022	B-D.5.2.1.1	England	2022	EPI-ISL-16672917
EPI-ISL-16609722_England_2022	B-D.5.2.1.1	England	2022	EPI-ISL-16609722
EPI-ISL-16714746_Australia_2022	B-D.5.2.1.1	Australia	2022	EPI-ISL-16714746
EPI-ISL-16714674_England_2021	B-D.5.2.1.1	England	2021	EPI-ISL-16714674
EPI-ISL-16714283_England_2021	B-D.5.2.1.1	England	2021	EPI-ISL-16714283
EPI-ISL-16681312_USA_2022	B-D.5.2.1.1	USA	2022	EPI-ISL-16681312
EPI-ISL-16714737_England_2022	B-D.5.2.1.1	England	2022	EPI-ISL-16714737
EPI-ISL-16672809_England_2022	B-D.5.2.1.1	England	2022	EPI-ISL-16672809
EPI-ISL-16006114_Macedonia_2022	B-D.5.2.1.1	Macedonia	2022	EPI-ISL-16006114
EPI-ISL-16006115_Macedonia_2022	B-D.5.2.1.1	Macedonia	2022	EPI-ISL-16006115
EPI-ISL-16714739_England_2022	B-D.5.2.1.1	England	2022	EPI-ISL-16714739
EPI-ISL-16672922_England_2022	B-D.5.2.1.1	England	2022	EPI-ISL-16672922
EPI-ISL-16672801_England_2022	B-D.5.2.1.1	England	2022	EPI-ISL-16672801
EPI-ISL-16714466_England_2022	B-D.5.2.1.1	England	2022	EPI-ISL-16714466
EPI-ISL-16714472_England_2022	B-D.5.2.1.1	England	2022	EPI-ISL-16714472
EPI-ISL-16006111_Macedonia_2022	B-D.5.2.1.1	Macedonia	2022	EPI-ISL-16006111
EPI-ISL-15055351_Argentina_2021	B-D.5.2.1.1	Argentina	2021	EPI-ISL-15055351
EPI-ISL-15055352_Argentina_2021	B-D.5.2.1.1	Argentina	2021	EPI-ISL-15055352
EPI-ISL-16609728_England_2022	B-D.5.2.1.1	England	2022	EPI-ISL-16609728
EPI-ISL-16132381_USA_2022	B-D.5.2.1.1	USA	2022	EPI-ISL-16132381
EPI-ISL-16714734_England_2022	B-D.5.2.1.1	England	2022	EPI-ISL-16714734
OP890343_USA_2022	B-D.5.2.1.1	USA	2022	OP890343
OP890345_USA_2022	B-D.5.2.1.1	USA	2022	OP890345
OQ357796_USA_2022	B-D.5.2.1.1	USA	2022	OQ357796
EPI-ISL-16672891_England_2022	B-D.5.2.1.1	England	2022	EPI-ISL-16672891
EPI-ISL-16609732_England_2022	B-D.5.2.1.1	England	2022	EPI-ISL-16609732
EPI-ISL-16881197_Scotland_2022	B-D.5.2.1.1	Scotland	2022	EPI-ISL-16881197
EPI-ISL-16929305_Scotland_2022	B-D.5.2.1.1	Scotland	2022	EPI-ISL-16929305
EPI-ISL-16881201_Scotland_2022	B-D.5.2.1.1	Scotland	2022	EPI-ISL-16881201
OP965700_USA_2021	B-D.5.2.1.1	USA	2021	OP965700
OP965703_USA_2021	B-D.5.2.1.1	USA	2021	OP965703
OP965709_USA_2022	B-D.5.2.1.1	USA	2022	OP965709
EPI-ISL-17066789_Australia_2022	B-D.5.2.1.1	Australia	2022	EPI-ISL-17066789
EPI-ISL-16672808_England_2022	B-D.5.2.1.1	England	2022	EPI-ISL-16672808
EPI-ISL-16681272_USA_2022	B-D.5.2.1.1	USA	2022	EPI-ISL-16681272
OP890348_USA_2022	B-D.5.2.1.1	USA	2022	OP890348
EPI-ISL-16672815_England_2022	B-D.5.2.1.1	England	2022	EPI-ISL-16672815
OP965707_USA_2021	B-D.5.2.1.1	USA	2021	OP965707
EPI-ISL-16681286_USA_2022	B-D.5.2.1.1	USA	2022	EPI-ISL-16681286
OP890341_USA_2022	B-D.5.2.1.1	USA	2022	OP890341
EPI-ISL-16609737_England_2022	B-D.5.2.1.1	England	2022	EPI-ISL-16609737
EPI-ISL-16006110_Macedonia_2022	B-D.5.2.1.1	Macedonia	2022	EPI-ISL-16006110
EPI-ISL-16672890_England_2022	B-D.5.2.1.1	England	2022	EPI-ISL-16672890
EPI-ISL-16714644_England_2021	B-D.5.2.1.1	England	2021	EPI-ISL-16714644
EPI-ISL-16881202_Scotland_2022	B-D.5.2.1.1	Scotland	2022	EPI-ISL-16881202
EPI-ISL-16609753_England_2022	B-D.5.2.1.1	England	2022	EPI-ISL-16609753
EPI-ISL-16714424_England_2021	B-D.5.2.1.1	England	2021	EPI-ISL-16714424
EPI-ISL-16672933_England_2022	B-D.5.2.1.1	England	2022	EPI-ISL-16672933
EPI-ISL-16609745_England_2022	B-D.5.2.1.1	England	2022	EPI-ISL-16609745
EPI-ISL-16672810_England_2022	B-D.5.2.1.1	England	2022	EPI-ISL-16672810
EPI-ISL-16672803_England_2022	B-D.5.2.1.1	England	2022	EPI-ISL-16672803
EPI-ISL-16609724_England_2022	B-D.5.2.1.1	England	2022	EPI-ISL-16609724
EPI-ISL-16881196_Scotland_2022	B-D.5.2.1.1	Scotland	2022	EPI-ISL-16881196
EPI-ISL-16929303_Scotland_2022	B-D.5.2.1.1	Scotland	2022	EPI-ISL-16929303
EPI-ISL-16714708_England_2022	B-D.5.2.1.1	England	2022	EPI-ISL-16714708
EPI-ISL-16672799_England_2022	B-D.5.2.1.1	England	2022	EPI-ISL-16672799
EPI-ISL-16714720_England_2022	B-D.5.2.1.1	England	2022	EPI-ISL-16714720
EPI-ISL-16714742_England_2022	B-D.5.2.1.1	England	2022	EPI-ISL-16714742
EPI-ISL-16672812_England_2022	B-D.5.2.1.1	England	2022	EPI-ISL-16672812
EPI-ISL-16714594_England_2022	B-D.5.2.1.1	England	2022	EPI-ISL-16714594
EPI-ISL-16609738_England_2022	B-D.5.2.1.1	England	2022	EPI-ISL-16609738
EPI-ISL-16714574_England_2022	B-D.5.2.1.1	England	2022	EPI-ISL-16714574
EPI-ISL-16609762_England_2022	B-D.5.2.1.1	England	2022	EPI-ISL-16609762
OP965698_USA_2021	B-D.5.2.1.1	USA	2021	OP965698
OP965701_USA_2021	B-D.5.2.1.1	USA	2021	OP965701
EPI-ISL-16714583_England_2022	B-D.5.2.1.1	England	2022	EPI-ISL-16714583
EPI-ISL-16881190_Scotland_2022	B-D.5.2.1.1	Scotland	2022	EPI-ISL-16881190
EPI-ISL-16714805_Australia_2022	B-D.5.2.1.1	Australia	2022	EPI-ISL-16714805
EPI-ISL-16714811_Australia_2022	B-D.5.2.1.1	Australia	2022	EPI-ISL-16714811
EPI-ISL-17066780_Australia_2022	B-D.5.2.1.1	Australia	2022	EPI-ISL-17066780
EPI-ISL-16714748_Australia_2022	B-D.5.2.1.1	Australia	2022	EPI-ISL-16714748
EPI-ISL-16737024_England_2022	B-D.5.2.1.1	England	2022	EPI-ISL-16737024
EPI-ISL-16746476_England_2022	B-D.5.2.1.1	England	2022	EPI-ISL-16746476
EPI-ISL-16714278_England_2021	B-D.5.2.1.1	England	2021	EPI-ISL-16714278
EPI-ISL-16681200_USA_2022	B-D.5.2.1.1	USA	2022	EPI-ISL-16681200
EPI-ISL-17066830_Australia_2022	B-D.5.2.1.1	Australia	2022	EPI-ISL-17066830
OP890347_USA_2022	B-D.5.2.1.1	USA	2022	OP890347
EPI-ISL-15120792_Morocco_2019	B-D.5.2.1	Morocco	2019	EPI-ISL-15120792
EPI-ISL-15120791_Morocco_2019	B-D.5.2.1	Morocco	2019	EPI-ISL-15120791
EPI-ISL-15120797_Morocco_2019	B-D.5.2.1	Morocco	2019	EPI-ISL-15120797
EPI-ISL-15120798_Morocco_2019	B-D.5.2.1	Morocco	2019	EPI-ISL-15120798
EPI-ISL-15120787_Morocco_2019	B-D.5.2.1	Morocco	2019	EPI-ISL-15120787
EPI-ISL-15120796_Morocco_2019	B-D.5.2.1	Morocco	2019	EPI-ISL-15120796
EPI-ISL-5522628_Cote-dIvoire_2019	B-D.5.2.1	Cote-dIvoire	2019	EPI-ISL-5522628
MZ151850_Russia_2019	B-D.5.2.1	Russia	2019	MZ151850
MZ151856_Russia_2020	B-D.5.2.1	Russia	2020	MZ151856
EPI-ISL-15120790_Morocco_2019	B-D.5.2.1	Morocco	2019	EPI-ISL-15120790
MZ515769_United-Kingdom_2019	B-D.5.2.1	United-Kingdom	2019	MZ515769
MZ515710_Netherlands_2017	B-D.5.2.1	Netherlands	2017	MZ515710
MZ516094_Netherlands_2018	B-D.5.2.1	Netherlands	2018	MZ516094
MZ515743_Netherlands_2017	B-D.5.2.1	Netherlands	2017	MZ515743
MZ515955_Netherlands_2018	B-D.5.2.1	Netherlands	2018	MZ515955
EPI-ISL-15120754_Morocco_2017	B-D.5.2.1	Morocco	2017	EPI-ISL-15120754
EPI-ISL-16905446_Morocco_2017	B-D.5.2.1	Morocco	2017	EPI-ISL-16905446
EPI-ISL-6268623_China_2021	B-D.5.2.1	China	2021	EPI-ISL-6268623
EPI-ISL-6314642_China_2021	B-D.5.2.1	China	2021	EPI-ISL-6314642
EPI-ISL-6314470_China_2021	B-D.5.2.1	China	2021	EPI-ISL-6314470
EPI-ISL-6314465_China_2021	B-D.5.2.1	China	2021	EPI-ISL-6314465
EPI-ISL-6314663_China_2021	B-D.5.2.1	China	2021	EPI-ISL-6314663
EPI-ISL-6268628_China_2021	B-D.5.2.1	China	2021	EPI-ISL-6268628
EPI-ISL-6208721_Egypt_2019	B-D.5.2.1	Egypt	2019	EPI-ISL-6208721
EPI-ISL-15728622_South-Africa_2022	B-D.5.2.1	South-Africa	2022	EPI-ISL-15728622
EPI-ISL-15728624_South-Africa_2022	B-D.5.2.1	South-Africa	2022	EPI-ISL-15728624
EPI-ISL-11055778_South-Africa_2022	B-D.5.2.1	South-Africa	2022	EPI-ISL-11055778
EPI-ISL-14769847_South-Africa_2022	B-D.5.2.1	South-Africa	2022	EPI-ISL-14769847
EPI-ISL-15728632_South-Africa_2022	B-D.5.2.1	South-Africa	2022	EPI-ISL-15728632
EPI-ISL-14769855_South-Africa_2022	B-D.5.2.1	South-Africa	2022	EPI-ISL-14769855
EPI-ISL-15728627_South-Africa_2022	B-D.5.2.1	South-Africa	2022	EPI-ISL-15728627
EPI-ISL-15728634_South-Africa_2022	B-D.5.2.1	South-Africa	2022	EPI-ISL-15728634
EPI-ISL-15728628_South-Africa_2022	B-D.5.2.1	South-Africa	2022	EPI-ISL-15728628
EPI-ISL-15728631_South-Africa_2022	B-D.5.2.1	South-Africa	2022	EPI-ISL-15728631
EPI-ISL-14769856_South-Africa_2022	B-D.5.2.1	South-Africa	2022	EPI-ISL-14769856
EPI-ISL-11055772_South-Africa_2022	B-D.5.2.1	South-Africa	2022	EPI-ISL-11055772
EPI-ISL-14769854_South-Africa_2022	B-D.5.2.1	South-Africa	2022	EPI-ISL-14769854
EPI-ISL-11055798_South-Africa_2021	B-D.5.2.1	South-Africa	2021	EPI-ISL-11055798
EPI-ISL-11055771_South-Africa_2021	B-D.5.2.1	South-Africa	2021	EPI-ISL-11055771
MZ515599_Netherlands_2019	B-D.5.2.1	Netherlands	2019	MZ515599
EPI-ISL-11428314_England_2018	B-D.5.2.1	England	2018	EPI-ISL-11428314
MZ515557_United-Kingdom_2018	B-D.5.2.1	United-Kingdom	2018	MZ515557
MZ515671_United-Kingdom_2018	B-D.5.2.1	United-Kingdom	2018	MZ515671
MZ516021_United-Kingdom_2018	B-D.5.2.1	United-Kingdom	2018	MZ516021
MZ515672_United-Kingdom_2019	B-D.5.2.1	United-Kingdom	2019	MZ515672
MZ515756_United-Kingdom_2018	B-D.5.2.1	United-Kingdom	2018	MZ515756
MZ516056_Spain_2020	B-D.5.2.1	Spain	2020	MZ516056
OM857392_Australia_2020	B-D.5.2.1	Australia	2020	OM857392
MZ515759_United-Kingdom_2018	B-D.5.2.1	United-Kingdom	2018	MZ515759
MZ515779_United-Kingdom_2018	B-D.5.2.1	United-Kingdom	2018	MZ515779
MZ515707_United-Kingdom_2018	B-D.5.2.1	United-Kingdom	2018	MZ515707
EPI-ISL-15067702_Argentina_2018	B-D.5.2.1	Argentina	2018	EPI-ISL-15067702
EPI-ISL-11055769_South-Africa_2021	B-D.5.2.1	South-Africa	2021	EPI-ISL-11055769
EPI-ISL-12529655_South-Africa_2021	B-D.5.2.1	South-Africa	2021	EPI-ISL-12529655
OQ331212_USA_2019	B-D.5.2.1	USA	2019	OQ331212
OQ331214_USA_2019	B-D.5.2.1	USA	2019	OQ331214
MZ515605_Netherlands_2019	B-D.5.2.1	Netherlands	2019	MZ515605
EPI-ISL-6314659_China_2021	B-D.5.2.1	China	2021	EPI-ISL-6314659
MZ515562_Netherlands_2018	B-D.5.2.1	Netherlands	2018	MZ515562
EPI-ISL-15120789_Morocco_2019	B-D.5.2.1	Morocco	2019	EPI-ISL-15120789
MZ515584_United-Kingdom_2018	B-D.5.2.1	United-Kingdom	2018	MZ515584
MZ516061_United-Kingdom_2018	B-D.5.2.1	United-Kingdom	2018	MZ516061
MT373703_Russia_2019	B-D.5.2.1	Russia	2019	MT373703
EPI-ISL-16881192_Scotland_2022	B-D.5.2.1	Scotland	2022	EPI-ISL-16881192
EPI-ISL-16881193_Scotland_2022	B-D.5.2.1	Scotland	2022	EPI-ISL-16881193
EPI-ISL-16881207_Scotland_2022	B-D.5.2.1	Scotland	2022	EPI-ISL-16881207
EPI-ISL-16881205_Scotland_2022	B-D.5.2.1	Scotland	2022	EPI-ISL-16881205
EPI-ISL-16881191_Scotland_2022	B-D.5.2.1	Scotland	2022	EPI-ISL-16881191
EPI-ISL-16714580_England_2022	B-D.5.2.1	England	2022	EPI-ISL-16714580
EPI-ISL-16714623_England_2021	B-D.5.2.1	England	2021	EPI-ISL-16714623
EPI-ISL-16714640_England_2021	B-D.5.2.1	England	2021	EPI-ISL-16714640
EPI-ISL-16714572_England_2022	B-D.5.2.1	England	2022	EPI-ISL-16714572
EPI-ISL-16881194_Scotland_2022	B-D.5.2.1	Scotland	2022	EPI-ISL-16881194
EPI-ISL-16881195_Scotland_2022	B-D.5.2.1	Scotland	2022	EPI-ISL-16881195
EPI-ISL-16714663_England_2021	B-D.5.2.1	England	2021	EPI-ISL-16714663
EPI-ISL-16714733_England_2022	B-D.5.2.1	England	2022	EPI-ISL-16714733
EPI-ISL-16714330_England_2021	B-D.5.2.1	England	2021	EPI-ISL-16714330
EPI-ISL-16714634_England_2021	B-D.5.2.1	England	2021	EPI-ISL-16714634
EPI-ISL-16714629_England_2021	B-D.5.2.1	England	2021	EPI-ISL-16714629
EPI-ISL-16714650_England_2021	B-D.5.2.1	England	2021	EPI-ISL-16714650
EPI-ISL-16737034_England_2021	B-D.5.2.1	England	2021	EPI-ISL-16737034
EPI-ISL-16714626_England_2021	B-D.5.2.1	England	2021	EPI-ISL-16714626
EPI-ISL-16714651_England_2021	B-D.5.2.1	England	2021	EPI-ISL-16714651
EPI-ISL-16714359_England_2021	B-D.5.2.1	England	2021	EPI-ISL-16714359
EPI-ISL-16714647_England_2021	B-D.5.2.1	England	2021	EPI-ISL-16714647
EPI-ISL-16714612_England_2021	B-D.5.2.1	England	2021	EPI-ISL-16714612
EPI-ISL-16714597_England_2021	B-D.5.2.1	England	2021	EPI-ISL-16714597
EPI-ISL-16714421_England_2021	B-D.5.2.1	England	2021	EPI-ISL-16714421
EPI-ISL-16714645_England_2021	B-D.5.2.1	England	2021	EPI-ISL-16714645
EPI-ISL-16714305_England_2022	B-D.5.2.1	England	2022	EPI-ISL-16714305
EPI-ISL-16714665_England_2021	B-D.5.2.1	England	2021	EPI-ISL-16714665
EPI-ISL-16714687_England_2021	B-D.5.2.1	England	2021	EPI-ISL-16714687
EPI-ISL-15120793_Morocco_2019	B-D.5.2.1	Morocco	2019	EPI-ISL-15120793
MZ515775_United-Kingdom_2018	B-D.5.2.1	United-Kingdom	2018	MZ515775
MZ515846_United-Kingdom_2018	B-D.5.2.1	United-Kingdom	2018	MZ515846
EPI-ISL-12544916_Vietnam_2017	B-D.5.2.1	Vietnam	2017	EPI-ISL-12544916
MZ515839_United-Kingdom_2019	B-D.5.2.1	United-Kingdom	2019	MZ515839
MZ515807_United-Kingdom_2018	B-D.5.2.1	United-Kingdom	2018	MZ515807
MZ516062_Netherlands_2018	B-D.5.2.1	Netherlands	2018	MZ516062
EPI-ISL-16714600_England_2021	B-D.5.2.1	England	2021	EPI-ISL-16714600
EPI-ISL-16714613_England_2021	B-D.5.2.1	England	2021	EPI-ISL-16714613
EPI-ISL-16714610_England_2021	B-D.5.2.1	England	2021	EPI-ISL-16714610
EPI-ISL-16714599_England_2021	B-D.5.2.1	England	2021	EPI-ISL-16714599
EPI-ISL-16714598_England_2021	B-D.5.2.1	England	2021	EPI-ISL-16714598
MT373705_Russia_2019	B-D.5.2.1	Russia	2019	MT373705
EPI-ISL-12970406_Philippines_2019	B-D.5.2.1	Philippines	2019	EPI-ISL-12970406
MZ515656_Spain_2019	B-D.5.2.1	Spain	2019	MZ515656
EPI-ISL-12970402_Philippines_2019	B-D.5.2.1	Philippines	2019	EPI-ISL-12970402
EPI-ISL-12970410_Philippines_2019	B-D.5.2.1	Philippines	2019	EPI-ISL-12970410
MZ516065_United-Kingdom_2018	B-D.5.2.1	United-Kingdom	2018	MZ516065
EPI-ISL-11055803_South-Africa_2021	B-D.5.2.1	South-Africa	2021	EPI-ISL-11055803
EPI-ISL-12529660_South-Africa_2021	B-D.5.2.1	South-Africa	2021	EPI-ISL-12529660
EPI-ISL-12529659_South-Africa_2021	B-D.5.2.1	South-Africa	2021	EPI-ISL-12529659
EPI-ISL-11055804_South-Africa_2021	B-D.5.2.1	South-Africa	2021	EPI-ISL-11055804
EPI-ISL-11055793_South-Africa_2021	B-D.5.2.1	South-Africa	2021	EPI-ISL-11055793
EPI-ISL-11055787_South-Africa_2021	B-D.5.2.1	South-Africa	2021	EPI-ISL-11055787
EPI-ISL-11055770_South-Africa_2021	B-D.5.2.1	South-Africa	2021	EPI-ISL-11055770
MZ515636_United-Kingdom_2019	B-D.5.2.1	United-Kingdom	2019	MZ515636
MZ515903_United-Kingdom_2019	B-D.5.2.1	United-Kingdom	2019	MZ515903
MZ515820_United-Kingdom_2018	B-D.5.2.1	United-Kingdom	2018	MZ515820
MZ515812_United-Kingdom_2018	B-D.5.2.1	United-Kingdom	2018	MZ515812
MZ515658_Netherlands_2018	B-D.5.2.1	Netherlands	2018	MZ515658
MZ515845_Netherlands_2018	B-D.5.2.1	Netherlands	2018	MZ515845
MZ515944_Netherlands_2018	B-D.5.2.1	Netherlands	2018	MZ515944
MZ515883_Netherlands_2018	B-D.5.2.1	Netherlands	2018	MZ515883
MZ515762_United-Kingdom_2018	B-D.5.2.1	United-Kingdom	2018	MZ515762
MZ516051_United-Kingdom_2018	B-D.5.2.1	United-Kingdom	2018	MZ516051
MT107528_Switzerland_2019	B-D.5.2.1	Switzerland	2019	MT107528
EPI-ISL-15895059_Brazil_2021	B-D.5.2.1	Brazil	2021	EPI-ISL-15895059
MZ515974_Netherlands_2018	B-D.5.2.1	Netherlands	2018	MZ515974
MZ515972_Spain_2020	B-D.5.2.1	Spain	2020	MZ515972
MZ516140_Spain_2019	B-D.5.2.1	Spain	2019	MZ516140
MZ516143_Spain_2019	B-D.5.2.1	Spain	2019	MZ516143
MZ515827_Spain_2019	B-D.5.2.1	Spain	2019	MZ515827
MZ515872_Spain_2020	B-D.5.2.1	Spain	2020	MZ515872
MZ515715_Spain_2020	B-D.5.2.1	Spain	2020	MZ515715
MZ515863_Spain_2019	B-D.5.2.1	Spain	2019	MZ515863
EPI-ISL-6314466_China_2021	B-D.5.2.1	China	2021	EPI-ISL-6314466
MZ515560_Netherlands_2019	B-D.5.2.1	Netherlands	2019	MZ515560
MZ515699_Netherlands_2020	B-D.5.2.1	Netherlands	2020	MZ515699
OM857375_Australia_2020	B-D.5.2.1	Australia	2020	OM857375
MZ151849_Russia_2019	B-D.5.2.1	Russia	2019	MZ151849
MZ151851_Russia_2019	B-D.5.2.1	Russia	2019	MZ151851
OM857373_Australia_2019	B-D.5.2.1	Australia	2019	OM857373
MZ515607_United-Kingdom_2019	B-D.5.2.1	United-Kingdom	2019	MZ515607
MZ515791_United-Kingdom_2019	B-D.5.2.1	United-Kingdom	2019	MZ515791
OQ331215_USA_2020	B-D.5.2.1	USA	2020	OQ331215
OQ331216_USA_2019	B-D.5.2.1	USA	2019	OQ331216
MZ516049_United-Kingdom_2020	B-D.5.2.1	United-Kingdom	2020	MZ516049
EPI-ISL-16714298_England_2021	B-D.5.2.1.3	England	2021	EPI-ISL-16714298
EPI-ISL-16737035_England_2021	B-D.5.2.1.3	England	2021	EPI-ISL-16737035
EPI-ISL-16714385_England_2021	B-D.5.2.1.3	England	2021	EPI-ISL-16714385
EPI-ISL-16714683_England_2021	B-D.5.2.1.3	England	2021	EPI-ISL-16714683
EPI-ISL-16714353_England_2021	B-D.5.2.1.3	England	2021	EPI-ISL-16714353
EPI-ISL-16714358_England_2021	B-D.5.2.1.3	England	2021	EPI-ISL-16714358
EPI-ISL-16533866_Austria_2022	B-D.5.2.1.3	Austria	2022	EPI-ISL-16533866
EPI-ISL-16714672_England_2021	B-D.5.2.1.3	England	2021	EPI-ISL-16714672
EPI-ISL-16714384_England_2021	B-D.5.2.1.3	England	2021	EPI-ISL-16714384
EPI-ISL-16714615_England_2021	B-D.5.2.1.3	England	2021	EPI-ISL-16714615
EPI-ISL-16714637_England_2021	B-D.5.2.1.3	England	2021	EPI-ISL-16714637
EPI-ISL-16714627_England_2021	B-D.5.2.1.3	England	2021	EPI-ISL-16714627
EPI-ISL-16714679_England_2021	B-D.5.2.1.3	England	2021	EPI-ISL-16714679
EPI-ISL-16714422_England_2021	B-D.5.2.1.3	England	2021	EPI-ISL-16714422
EPI-ISL-6268606_China_2020	B-D.5.2.1	China	2020	EPI-ISL-6268606
EPI-ISL-6268618_China_2020	B-D.5.2.1	China	2020	EPI-ISL-6268618
EPI-ISL-6268437_China_2020	B-D.5.2.1	China	2020	EPI-ISL-6268437
OM857393_Australia_2020	B-D.5.2.1	Australia	2020	OM857393
EPI-ISL-6268595_China_2020	B-D.5.2.1	China	2020	EPI-ISL-6268595
EPI-ISL-6268627_China_2021	B-D.5.2.1	China	2021	EPI-ISL-6268627
EPI-ISL-6268596_China_2020	B-D.5.2.1	China	2020	EPI-ISL-6268596
EPI-ISL-6268598_China_2020	B-D.5.2.1	China	2020	EPI-ISL-6268598
EPI-ISL-12544917_Vietnam_2018	B-D.5.2.1	Vietnam	2018	EPI-ISL-12544917
EPI-ISL-15055348_Argentina_2018	B-D.5.2.1	Argentina	2018	EPI-ISL-15055348
MZ515590_United-Kingdom_2019	B-D.5.2.1	United-Kingdom	2019	MZ515590
EPI-ISL-15896231_Australia_2022	B-D.5.2.1	Australia	2022	EPI-ISL-15896231
EPI-ISL-6268594_China_2020	B-D.5.2.1	China	2020	EPI-ISL-6268594
EPI-ISL-12970404_Philippines_2019	B-D.5.2.1	Philippines	2019	EPI-ISL-12970404
EPI-ISL-12970424_Philippines_2019	B-D.5.2.1	Philippines	2019	EPI-ISL-12970424
EPI-ISL-6314658_China_2021	B-D.5.2.1	China	2021	EPI-ISL-6314658
EPI-ISL-6314662_China_2021	B-D.5.2.1	China	2021	EPI-ISL-6314662
MZ515553_United-Kingdom_2019	B-D.5.2.1	United-Kingdom	2019	MZ515553
EPI-ISL-6268611_China_2020	B-D.5.2.1	China	2020	EPI-ISL-6268611
EPI-ISL-6268617_China_2020	B-D.5.2.1.2	China	2020	EPI-ISL-6268617
EPI-ISL-6268621_China_2021	B-D.5.2.1.2	China	2021	EPI-ISL-6268621
EPI-ISL-6268622_China_2021	B-D.5.2.1.2	China	2021	EPI-ISL-6268622
EPI-ISL-6268599_China_2020	B-D.5.2.1.2	China	2020	EPI-ISL-6268599
EPI-ISL-6314585_China_2021	B-D.5.2.1.2	China	2021	EPI-ISL-6314585
EPI-ISL-6268607_China_2020	B-D.5.2.1.2	China	2020	EPI-ISL-6268607
OM857390_Australia_2020	B-D.5.2.1.2	Australia	2020	OM857390
EPI-ISL-17066822_Australia_2022	B-D.5.2.1.2	Australia	2022	EPI-ISL-17066822
MZ516102_United-Kingdom_2019	B-D.5.2.1.2	United-Kingdom	2019	MZ516102
MZ515558_Netherlands_2018	B-D.5.2.1.2	Netherlands	2018	MZ515558
MZ516135_Netherlands_2018	B-D.5.2.1.2	Netherlands	2018	MZ516135
EPI-ISL-6268455_China_2020	B-D.5.2.1.2	China	2020	EPI-ISL-6268455
MZ515938_Spain_2019	B-D.5.2.1.2	Spain	2019	MZ515938
EPI-ISL-6268456_China_2020	B-D.5.2.1.2	China	2020	EPI-ISL-6268456
EPI-ISL-6314661_China_2021	B-D.5.2.1.2	China	2021	EPI-ISL-6314661
EPI-ISL-6268625_China_2021	B-D.5.2.1.2	China	2021	EPI-ISL-6268625
EPI-ISL-16714666_England_2021	B-D.5.2.1.2	England	2021	EPI-ISL-16714666
MZ515997_Netherlands_2018	B-D.5.2.1.2	Netherlands	2018	MZ515997
EPI-ISL-6314463_China_2021	B-D.5.2.1.2	China	2021	EPI-ISL-6314463
OM857380_Australia_2020	B-D.5.2.1.2	Australia	2020	OM857380
EPI-ISL-6268626_China_2021	B-D.5.2.1	China	2021	EPI-ISL-6268626
EPI-ISL-15055350_Argentina_2019	B-D.5.2.1	Argentina	2019	EPI-ISL-15055350
MZ515830_United-Kingdom_2019	B-D.5.2.1	United-Kingdom	2019	MZ515830
MZ515975_Netherlands_2019	B-D.5.2.1	Netherlands	2019	MZ515975
OM857381_Australia_2020	B-D.5.2.1	Australia	2020	OM857381
EPI-ISL-6268612_China_2020	B-D.5.2.1	China	2020	EPI-ISL-6268612
EPI-ISL-16289246_Vietnam_2020	B-D.5.2.1	Vietnam	2020	EPI-ISL-16289246
EPI-ISL-16714578_England_2022	B-D.5.2.1	England	2022	EPI-ISL-16714578
EPI-ISL-16714389_England_2021	B-D.5.2.1	England	2021	EPI-ISL-16714389
EPI-ISL-11055765_South-Africa_2021	B-D.5.2.1	South-Africa	2021	EPI-ISL-11055765
MZ515837_United-Kingdom_2019	B-D.5.2.1	United-Kingdom	2019	MZ515837
EPI-ISL-17066778_Australia_2022	B-D.5.2.1	Australia	2022	EPI-ISL-17066778
MZ516054_Spain_2019	B-D.5.2.1	Spain	2019	MZ516054
EPI-ISL-15067696_Argentina_2018	B-D.5.2.1	Argentina	2018	EPI-ISL-15067696
EPI-ISL-15067709_Argentina_2018	B-D.5.2.1	Argentina	2018	EPI-ISL-15067709
MZ515732_United-Kingdom_2019	B-D.5.2.1	United-Kingdom	2019	MZ515732
MZ515871_United-Kingdom_2019	B-D.5.2.1	United-Kingdom	2019	MZ515871
MZ516098_United-Kingdom_2018	B-D.5.2.1	United-Kingdom	2018	MZ516098
MZ515799_Netherlands_2019	B-D.5.2.1	Netherlands	2019	MZ515799
MZ515990_Netherlands_2019	B-D.5.2.1	Netherlands	2019	MZ515990
MZ515771_Spain_2018	B-D.5.2.1	Spain	2018	MZ515771
MW020595_Australia_2018	B-D.5.2.1	Australia	2018	MW020595
EPI-ISL-11055794_South-Africa_2021	B-D.5.2.1	South-Africa	2021	EPI-ISL-11055794
EPI-ISL-11055802_South-Africa_2021	B-D.5.2.1	South-Africa	2021	EPI-ISL-11055802
EPI-ISL-11055766_South-Africa_2021	B-D.5.2.1	South-Africa	2021	EPI-ISL-11055766
EPI-ISL-12529656_South-Africa_2021	B-D.5.2.1	South-Africa	2021	EPI-ISL-12529656
EPI-ISL-11055792_South-Africa_2021	B-D.5.2.1	South-Africa	2021	EPI-ISL-11055792
EPI-ISL-15895095_Brazil_2022	B-D.5.2.1	Brazil	2022	EPI-ISL-15895095
OQ331218_USA_2019	B-D.5.2.1	USA	2019	OQ331218
OM857369_Australia_2019	B-D.5.2.1	Australia	2019	OM857369
EPI-ISL-15120788_Morocco_2019	B-D.5.2.1	Morocco	2019	EPI-ISL-15120788
MZ515824_United-Kingdom_2018	B-D.5.2.1	United-Kingdom	2018	MZ515824
MZ516030_Spain_2019	B-D.5.2.1	Spain	2019	MZ516030
MZ516122_Spain_2019	B-D.5.2.1	Spain	2019	MZ516122
EPI-ISL-15067700_Argentina_2018	B-D.5.2.1	Argentina	2018	EPI-ISL-15067700
EPI-ISL-15067708_Argentina_2018	B-D.5.2.1	Argentina	2018	EPI-ISL-15067708
EPI-ISL-15067701_Argentina_2018	B-D.5.2.1	Argentina	2018	EPI-ISL-15067701
EPI-ISL-15067710_Argentina_2018	B-D.5.2.1	Argentina	2018	EPI-ISL-15067710
EPI-ISL-15067695_Argentina_2018	B-D.5.2.1	Argentina	2018	EPI-ISL-15067695
EPI-ISL-15067704_Argentina_2018	B-D.5.2.1	Argentina	2018	EPI-ISL-15067704
OP975389_Australia_2019	B-D.5.2.1	Australia	2019	OP975389
EPI-ISL-17177049_Bosnia-and-Herzegovina_2022	B-D.5.2.1	Bosnia-and-Herzegovina	2022	EPI-ISL-17177049
OQ261743_Austria_2022	B-D.5.2.1	Austria	2022	OQ261743
EPI-ISL-16714646_England_2021	B-D.5.2.1	England	2021	EPI-ISL-16714646
OM857370_Australia_2020	B-D.5.2.1	Australia	2020	OM857370
MZ515823_United-Kingdom_2019	B-D.5.2.1	United-Kingdom	2019	MZ515823
EPI-ISL-12970400_Philippines_2019	B-D.5.2.1	Philippines	2019	EPI-ISL-12970400
EPI-ISL-15895128_Brazil_2019	B-D.5.2.1	Brazil	2019	EPI-ISL-15895128
LR699744_Spain_2017	B-D.5.2.1	Spain	2017	LR699744
MT373704_Russia_2019	B-D.5.2.1	Russia	2019	MT373704
MZ515748_Spain_2019	B-D.5.2.1	Spain	2019	MZ515748
MZ516114_Spain_2019	B-D.5.2.1	Spain	2019	MZ516114
EPI-ISL-10914987_Australia_2018	B-D.5.2.1	Australia	2018	EPI-ISL-10914987
MZ515660_Netherlands_2018	B-D.5.2.1	Netherlands	2018	MZ515660
MZ516059_Netherlands_2019	B-D.5.2.1	Netherlands	2019	MZ516059
MZ515786_United-Kingdom_2019	B-D.5.2.1	United-Kingdom	2019	MZ515786
MZ515904_United-Kingdom_2020	B-D.5.2.1	United-Kingdom	2020	MZ515904
MZ515895_United-Kingdom_2019	B-D.5.2.1	United-Kingdom	2019	MZ515895
MZ515712_United-Kingdom_2019	B-D.5.2.1	United-Kingdom	2019	MZ515712
MZ516139_United-Kingdom_2019	B-D.5.2.1	United-Kingdom	2019	MZ516139
MZ515677_United-Kingdom_2019	B-D.5.2.1	United-Kingdom	2019	MZ515677
MZ516123_United-Kingdom_2019	B-D.5.2.1	United-Kingdom	2019	MZ516123
OM857371_Australia_2019	B-D.5.2.1	Australia	2019	OM857371
OM857372_Australia_2020	B-D.5.2.1	Australia	2020	OM857372
EPI-ISL-11817047_Australia_2021	B-D.5.2.1	Australia	2021	EPI-ISL-11817047
EPI-ISL-11817048_Australia_2021	B-D.5.2.1	Australia	2021	EPI-ISL-11817048
EPI-ISL-11817060_Australia_2021	B-D.5.2.1	Australia	2021	EPI-ISL-11817060
EPI-ISL-11817018_Australia_2021	B-D.5.2.1	Australia	2021	EPI-ISL-11817018
EPI-ISL-11817022_Australia_2021	B-D.5.2.1	Australia	2021	EPI-ISL-11817022
EPI-ISL-15774040_Australia_2021	B-D.5.2.1	Australia	2021	EPI-ISL-15774040
EPI-ISL-15774051_Australia_2021	B-D.5.2.1	Australia	2021	EPI-ISL-15774051
EPI-ISL-11817068_Australia_2021	B-D.5.2.1	Australia	2021	EPI-ISL-11817068
EPI-ISL-11817058_Australia_2021	B-D.5.2.1	Australia	2021	EPI-ISL-11817058
EPI-ISL-11817081_Australia_2021	B-D.5.2.1	Australia	2021	EPI-ISL-11817081
EPI-ISL-15774028_Australia_2021	B-D.5.2.1	Australia	2021	EPI-ISL-15774028
EPI-ISL-11817122_Australia_2020	B-D.5.2.1	Australia	2020	EPI-ISL-11817122
EPI-ISL-11817035_Australia_2021	B-D.5.2.1	Australia	2021	EPI-ISL-11817035
EPI-ISL-11817077_Australia_2021	B-D.5.2.1	Australia	2021	EPI-ISL-11817077
EPI-ISL-11817079_Australia_2021	B-D.5.2.1	Australia	2021	EPI-ISL-11817079
EPI-ISL-11817044_Australia_2021	B-D.5.2.1	Australia	2021	EPI-ISL-11817044
EPI-ISL-11817040_Australia_2021	B-D.5.2.1	Australia	2021	EPI-ISL-11817040
EPI-ISL-15774019_Australia_2021	B-D.5.2.1	Australia	2021	EPI-ISL-15774019
EPI-ISL-11817133_Australia_2021	B-D.5.2.1	Australia	2021	EPI-ISL-11817133
EPI-ISL-11817034_Australia_2021	B-D.5.2.1	Australia	2021	EPI-ISL-11817034
EPI-ISL-15774069_Australia_2021	B-D.5.2.1	Australia	2021	EPI-ISL-15774069
EPI-ISL-15774044_Australia_2021	B-D.5.2.1	Australia	2021	EPI-ISL-15774044
EPI-ISL-11817073_Australia_2021	B-D.5.2.1	Australia	2021	EPI-ISL-11817073
EPI-ISL-15774055_Australia_2021	B-D.5.2.1	Australia	2021	EPI-ISL-15774055
EPI-ISL-15773988_Australia_2021	B-D.5.2.1	Australia	2021	EPI-ISL-15773988
EPI-ISL-11817123_Australia_2020	B-D.5.2.1	Australia	2020	EPI-ISL-11817123
EPI-ISL-11055783_South-Africa_2022	B-D.5.2.1	South-Africa	2022	EPI-ISL-11055783
EPI-ISL-14769860_South-Africa_2022	B-D.5.2.1	South-Africa	2022	EPI-ISL-14769860
EPI-ISL-15728620_South-Africa_2022	B-D.5.2.1	South-Africa	2022	EPI-ISL-15728620
EPI-ISL-16672806_England_2022	B-D.5.2.1	England	2022	EPI-ISL-16672806
EPI-ISL-12529654_South-Africa_2021	B-D.5.2.1	South-Africa	2021	EPI-ISL-12529654
EPI-ISL-11055795_South-Africa_2021	B-D.5.2.1	South-Africa	2021	EPI-ISL-11055795
EPI-ISL-11055801_South-Africa_2021	B-D.5.2.1	South-Africa	2021	EPI-ISL-11055801
MZ515653_United-Kingdom_2018	B-D.5.2.1	United-Kingdom	2018	MZ515653
MZ516105_United-Kingdom_2019	B-D.5.2.1	United-Kingdom	2019	MZ516105
MZ515751_United-Kingdom_2018	B-D.5.2.1	United-Kingdom	2018	MZ515751
EPI-ISL-17066806_Australia_2022	B-D.5.2.1.4	Australia	2022	EPI-ISL-17066806
EPI-ISL-17066829_Australia_2022	B-D.5.2.1.4	Australia	2022	EPI-ISL-17066829
EPI-ISL-15896210_Australia_2022	B-D.5.2.1.4	Australia	2022	EPI-ISL-15896210
EPI-ISL-17066810_Australia_2022	B-D.5.2.1.4	Australia	2022	EPI-ISL-17066810
EPI-ISL-16714788_Australia_2022	B-D.5.2.1.4	Australia	2022	EPI-ISL-16714788
EPI-ISL-15896264_Australia_2022	B-D.5.2.1.4	Australia	2022	EPI-ISL-15896264
EPI-ISL-15896238_Australia_2022	B-D.5.2.1.4	Australia	2022	EPI-ISL-15896238
EPI-ISL-16714759_Australia_2022	B-D.5.2.1.4	Australia	2022	EPI-ISL-16714759
EPI-ISL-15896204_Australia_2022	B-D.5.2.1.4	Australia	2022	EPI-ISL-15896204
EPI-ISL-17066801_Australia_2022	B-D.5.2.1.4	Australia	2022	EPI-ISL-17066801
EPI-ISL-17066783_Australia_2022	B-D.5.2.1.4	Australia	2022	EPI-ISL-17066783
EPI-ISL-15896299_Australia_2022	B-D.5.2.1.4	Australia	2022	EPI-ISL-15896299
EPI-ISL-15896271_Australia_2022	B-D.5.2.1.4	Australia	2022	EPI-ISL-15896271
EPI-ISL-17066809_Australia_2022	B-D.5.2.1.4	Australia	2022	EPI-ISL-17066809
EPI-ISL-15896255_Australia_2022	B-D.5.2.1.4	Australia	2022	EPI-ISL-15896255
EPI-ISL-15896286_Australia_2022	B-D.5.2.1.4	Australia	2022	EPI-ISL-15896286
EPI-ISL-16714784_Australia_2022	B-D.5.2.1.4	Australia	2022	EPI-ISL-16714784
EPI-ISL-15896232_Australia_2022	B-D.5.2.1.4	Australia	2022	EPI-ISL-15896232
EPI-ISL-15896265_Australia_2022	B-D.5.2.1.4	Australia	2022	EPI-ISL-15896265
EPI-ISL-15896263_Australia_2022	B-D.5.2.1.4	Australia	2022	EPI-ISL-15896263
EPI-ISL-15896242_Australia_2022	B-D.5.2.1.4	Australia	2022	EPI-ISL-15896242
EPI-ISL-15896209_Australia_2022	B-D.5.2.1.4	Australia	2022	EPI-ISL-15896209
EPI-ISL-15896269_Australia_2022	B-D.5.2.1.4	Australia	2022	EPI-ISL-15896269
EPI-ISL-15896140_Australia_2022	B-D.5.2.1.4	Australia	2022	EPI-ISL-15896140
EPI-ISL-16714753_Australia_2022	B-D.5.2.1.4	Australia	2022	EPI-ISL-16714753
EPI-ISL-15896245_Australia_2022	B-D.5.2.1.4	Australia	2022	EPI-ISL-15896245
EPI-ISL-15896276_Australia_2022	B-D.5.2.1.4	Australia	2022	EPI-ISL-15896276
EPI-ISL-15896205_Australia_2022	B-D.5.2.1.4	Australia	2022	EPI-ISL-15896205
EPI-ISL-15896157_Australia_2022	B-D.5.2.1.4	Australia	2022	EPI-ISL-15896157
EPI-ISL-16714783_Australia_2022	B-D.5.2.1.4	Australia	2022	EPI-ISL-16714783
EPI-ISL-17066803_Australia_2022	B-D.5.2.1.4	Australia	2022	EPI-ISL-17066803
EPI-ISL-15896239_Australia_2022	B-D.5.2.1.4	Australia	2022	EPI-ISL-15896239
EPI-ISL-15896206_Australia_2022	B-D.5.2.1.4	Australia	2022	EPI-ISL-15896206
EPI-ISL-15896262_Australia_2022	B-D.5.2.1.4	Australia	2022	EPI-ISL-15896262
EPI-ISL-15896270_Australia_2022	B-D.5.2.1.4	Australia	2022	EPI-ISL-15896270
EPI-ISL-17066812_Australia_2022	B-D.5.2.1.4	Australia	2022	EPI-ISL-17066812
EPI-ISL-17066786_Australia_2022	B-D.5.2.1.4	Australia	2022	EPI-ISL-17066786
EPI-ISL-15896268_Australia_2022	B-D.5.2.1.4	Australia	2022	EPI-ISL-15896268
EPI-ISL-15896216_Australia_2022	B-D.5.2.1.4	Australia	2022	EPI-ISL-15896216
EPI-ISL-16714798_Australia_2022	B-D.5.2.1.4	Australia	2022	EPI-ISL-16714798
EPI-ISL-15896240_Australia_2022	B-D.5.2.1.4	Australia	2022	EPI-ISL-15896240
EPI-ISL-15896163_Australia_2022	B-D.5.2.1.4	Australia	2022	EPI-ISL-15896163
EPI-ISL-15896190_Australia_2022	B-D.5.2.1.4	Australia	2022	EPI-ISL-15896190
EPI-ISL-17066798_Australia_2022	B-D.5.2.1.4	Australia	2022	EPI-ISL-17066798
EPI-ISL-15896173_Australia_2022	B-D.5.2.1.4	Australia	2022	EPI-ISL-15896173
EPI-ISL-15896153_Australia_2022	B-D.5.2.1.4	Australia	2022	EPI-ISL-15896153
EPI-ISL-15896147_Australia_2022	B-D.5.2.1.4	Australia	2022	EPI-ISL-15896147
EPI-ISL-15896233_Australia_2022	B-D.5.2.1.4	Australia	2022	EPI-ISL-15896233
EPI-ISL-17066791_Australia_2022	B-D.5.2.1.4	Australia	2022	EPI-ISL-17066791
EPI-ISL-17066815_Australia_2022	B-D.5.2.1.4	Australia	2022	EPI-ISL-17066815
EPI-ISL-16714793_Australia_2022	B-D.5.2.1.4	Australia	2022	EPI-ISL-16714793
EPI-ISL-15896235_Australia_2022	B-D.5.2.1.4	Australia	2022	EPI-ISL-15896235
EPI-ISL-17066799_Australia_2022	B-D.5.2.1.4	Australia	2022	EPI-ISL-17066799
EPI-ISL-15896267_Australia_2022	B-D.5.2.1.4	Australia	2022	EPI-ISL-15896267
EPI-ISL-15896208_Australia_2022	B-D.5.2.1.4	Australia	2022	EPI-ISL-15896208
EPI-ISL-15896185_Australia_2022	B-D.5.2.1.4	Australia	2022	EPI-ISL-15896185
EPI-ISL-16714768_Australia_2022	B-D.5.2.1.4	Australia	2022	EPI-ISL-16714768
EPI-ISL-17066805_Australia_2022	B-D.5.2.1.4	Australia	2022	EPI-ISL-17066805
EPI-ISL-17066808_Australia_2022	B-D.5.2.1.4	Australia	2022	EPI-ISL-17066808
EPI-ISL-17066787_Australia_2022	B-D.5.2.1.4	Australia	2022	EPI-ISL-17066787
EPI-ISL-17066816_Australia_2022	B-D.5.2.1.4	Australia	2022	EPI-ISL-17066816
EPI-ISL-17066818_Australia_2022	B-D.5.2.1.4	Australia	2022	EPI-ISL-17066818
EPI-ISL-15896290_Australia_2022	B-D.5.2.1.4	Australia	2022	EPI-ISL-15896290
EPI-ISL-15896256_Australia_2022	B-D.5.2.1.4	Australia	2022	EPI-ISL-15896256
EPI-ISL-16714777_Australia_2022	B-D.5.2.1.4	Australia	2022	EPI-ISL-16714777
EPI-ISL-15896282_Australia_2022	B-D.5.2.1.4	Australia	2022	EPI-ISL-15896282
EPI-ISL-15896251_Australia_2022	B-D.5.2.1.4	Australia	2022	EPI-ISL-15896251
EPI-ISL-16714772_Australia_2022	B-D.5.2.1.4	Australia	2022	EPI-ISL-16714772
EPI-ISL-15896278_Australia_2022	B-D.5.2.1.4	Australia	2022	EPI-ISL-15896278
EPI-ISL-15896248_Australia_2022	B-D.5.2.1.4	Australia	2022	EPI-ISL-15896248
EPI-ISL-16714796_Australia_2022	B-D.5.2.1.4	Australia	2022	EPI-ISL-16714796
EPI-ISL-15896289_Australia_2022	B-D.5.2.1.4	Australia	2022	EPI-ISL-15896289
EPI-ISL-15896298_Australia_2022	B-D.5.2.1.4	Australia	2022	EPI-ISL-15896298
EPI-ISL-15896272_Australia_2022	B-D.5.2.1.4	Australia	2022	EPI-ISL-15896272
EPI-ISL-17066794_Australia_2022	B-D.5.2.1.4	Australia	2022	EPI-ISL-17066794
EPI-ISL-15896291_Australia_2022	B-D.5.2.1.4	Australia	2022	EPI-ISL-15896291
EPI-ISL-16714761_Australia_2022	B-D.5.2.1.4	Australia	2022	EPI-ISL-16714761
EPI-ISL-15896285_Australia_2022	B-D.5.2.1.4	Australia	2022	EPI-ISL-15896285
EPI-ISL-16714785_Australia_2022	B-D.5.2.1.4	Australia	2022	EPI-ISL-16714785
EPI-ISL-16714792_Australia_2022	B-D.5.2.1.4	Australia	2022	EPI-ISL-16714792
EPI-ISL-17066826_Australia_2022	B-D.5.2.1.4	Australia	2022	EPI-ISL-17066826
EPI-ISL-15896292_Australia_2022	B-D.5.2.1.4	Australia	2022	EPI-ISL-15896292
EPI-ISL-15896217_Australia_2022	B-D.5.2.1.4	Australia	2022	EPI-ISL-15896217
EPI-ISL-16714782_Australia_2022	B-D.5.2.1.4	Australia	2022	EPI-ISL-16714782
EPI-ISL-15896277_Australia_2022	B-D.5.2.1.4	Australia	2022	EPI-ISL-15896277
EPI-ISL-15896221_Australia_2022	B-D.5.2.1.4	Australia	2022	EPI-ISL-15896221
EPI-ISL-15896196_Australia_2022	B-D.5.2.1.4	Australia	2022	EPI-ISL-15896196
EPI-ISL-15896197_Australia_2022	B-D.5.2.1.4	Australia	2022	EPI-ISL-15896197
EPI-ISL-15896275_Australia_2022	B-D.5.2.1.4	Australia	2022	EPI-ISL-15896275
EPI-ISL-15896214_Australia_2022	B-D.5.2.1.4	Australia	2022	EPI-ISL-15896214
EPI-ISL-16714751_Australia_2022	B-D.5.2.1.4	Australia	2022	EPI-ISL-16714751
EPI-ISL-15896215_Australia_2022	B-D.5.2.1.4	Australia	2022	EPI-ISL-15896215
EPI-ISL-15896273_Australia_2022	B-D.5.2.1.4	Australia	2022	EPI-ISL-15896273
EPI-ISL-15896293_Australia_2022	B-D.5.2.1.4	Australia	2022	EPI-ISL-15896293
EPI-ISL-15896296_Australia_2022	B-D.5.2.1.4	Australia	2022	EPI-ISL-15896296
EPI-ISL-15896297_Australia_2022	B-D.5.2.1.4	Australia	2022	EPI-ISL-15896297
EPI-ISL-15896241_Australia_2022	B-D.5.2.1.4	Australia	2022	EPI-ISL-15896241
EPI-ISL-15896201_Australia_2022	B-D.5.2.1.4	Australia	2022	EPI-ISL-15896201
EPI-ISL-16714794_Australia_2022	B-D.5.2.1.4	Australia	2022	EPI-ISL-16714794
EPI-ISL-15896244_Australia_2022	B-D.5.2.1.4	Australia	2022	EPI-ISL-15896244
EPI-ISL-16714756_Australia_2022	B-D.5.2.1.4	Australia	2022	EPI-ISL-16714756
EPI-ISL-16714787_Australia_2022	B-D.5.2.1.4	Australia	2022	EPI-ISL-16714787
EPI-ISL-15896243_Australia_2022	B-D.5.2.1.4	Australia	2022	EPI-ISL-15896243
EPI-ISL-15896212_Australia_2022	B-D.5.2.1.4	Australia	2022	EPI-ISL-15896212
EPI-ISL-16714752_Australia_2022	B-D.5.2.1.4	Australia	2022	EPI-ISL-16714752
EPI-ISL-16714755_Australia_2022	B-D.5.2.1.4	Australia	2022	EPI-ISL-16714755
EPI-ISL-15896165_Australia_2022	B-D.5.2.1.4	Australia	2022	EPI-ISL-15896165
EPI-ISL-15896237_Australia_2022	B-D.5.2.1.4	Australia	2022	EPI-ISL-15896237
EPI-ISL-15896180_Australia_2022	B-D.5.2.1.4	Australia	2022	EPI-ISL-15896180
EPI-ISL-15896247_Australia_2022	B-D.5.2.1.4	Australia	2022	EPI-ISL-15896247
EPI-ISL-15896184_Australia_2022	B-D.5.2.1.4	Australia	2022	EPI-ISL-15896184
EPI-ISL-16714801_Australia_2022	B-D.5.2.1.4	Australia	2022	EPI-ISL-16714801
EPI-ISL-15896219_Australia_2022	B-D.5.2.1.4	Australia	2022	EPI-ISL-15896219
EPI-ISL-15896300_Australia_2022	B-D.5.2.1.4	Australia	2022	EPI-ISL-15896300
EPI-ISL-15896246_Australia_2022	B-D.5.2.1.4	Australia	2022	EPI-ISL-15896246
EPI-ISL-15896228_Australia_2022	B-D.5.2.1.4	Australia	2022	EPI-ISL-15896228
EPI-ISL-15896142_Australia_2022	B-D.5.2.1.4	Australia	2022	EPI-ISL-15896142
EPI-ISL-15896154_Australia_2022	B-D.5.2.1.4	Australia	2022	EPI-ISL-15896154
EPI-ISL-15896266_Australia_2022	B-D.5.2.1.4	Australia	2022	EPI-ISL-15896266
EPI-ISL-16714750_Australia_2022	B-D.5.2.1.4	Australia	2022	EPI-ISL-16714750
EPI-ISL-15896225_Australia_2022	B-D.5.2.1.4	Australia	2022	EPI-ISL-15896225
EPI-ISL-17066823_Australia_2022	B-D.5.2.1.4	Australia	2022	EPI-ISL-17066823
EPI-ISL-16959675_New-Zealand_2021	B-D.5.2.1.4	New-Zealand	2021	EPI-ISL-16959675
EPI-ISL-15896254_Australia_2022	B-D.5.2.1.4	Australia	2022	EPI-ISL-15896254
EPI-ISL-16714813_Australia_2022	B-D.5.2.1.4	Australia	2022	EPI-ISL-16714813
EPI-ISL-15896283_Australia_2022	B-D.5.2.1.4	Australia	2022	EPI-ISL-15896283
EPI-ISL-16714812_Australia_2022	B-D.5.2.1.4	Australia	2022	EPI-ISL-16714812
EPI-ISL-17066785_Australia_2022	B-D.5.2.1.4	Australia	2022	EPI-ISL-17066785
EPI-ISL-16714802_Australia_2022	B-D.5.2.1.4	Australia	2022	EPI-ISL-16714802
EPI-ISL-15896227_Australia_2022	B-D.5.2.1.4	Australia	2022	EPI-ISL-15896227
EPI-ISL-16714804_Australia_2022	B-D.5.2.1.4	Australia	2022	EPI-ISL-16714804
EPI-ISL-16714764_Australia_2022	B-D.5.2.1.4	Australia	2022	EPI-ISL-16714764
EPI-ISL-16714765_Australia_2022	B-D.5.2.1.4	Australia	2022	EPI-ISL-16714765
EPI-ISL-15896260_Australia_2022	B-D.5.2.1.4	Australia	2022	EPI-ISL-15896260
EPI-ISL-16714757_Australia_2022	B-D.5.2.1.4	Australia	2022	EPI-ISL-16714757
EPI-ISL-15896281_Australia_2022	B-D.5.2.1.4	Australia	2022	EPI-ISL-15896281
EPI-ISL-16714767_Australia_2022	B-D.5.2.1.4	Australia	2022	EPI-ISL-16714767
EPI-ISL-16714807_Australia_2022	B-D.5.2.1.4	Australia	2022	EPI-ISL-16714807
EPI-ISL-17066825_Australia_2022	B-D.5.2.1.4	Australia	2022	EPI-ISL-17066825
EPI-ISL-15896288_Australia_2022	B-D.5.2.1.4	Australia	2022	EPI-ISL-15896288
EPI-ISL-16714776_Australia_2022	B-D.5.2.1.4	Australia	2022	EPI-ISL-16714776
EPI-ISL-16714775_Australia_2022	B-D.5.2.1.4	Australia	2022	EPI-ISL-16714775
EPI-ISL-16714771_Australia_2022	B-D.5.2.1.4	Australia	2022	EPI-ISL-16714771
EPI-ISL-15896259_Australia_2022	B-D.5.2.1.4	Australia	2022	EPI-ISL-15896259
EPI-ISL-16714778_Australia_2022	B-D.5.2.1.4	Australia	2022	EPI-ISL-16714778
EPI-ISL-17066781_Australia_2022	B-D.5.2.1.4	Australia	2022	EPI-ISL-17066781
EPI-ISL-15896253_Australia_2022	B-D.5.2.1.4	Australia	2022	EPI-ISL-15896253
EPI-ISL-15896192_Australia_2022	B-D.5.2.1.4	Australia	2022	EPI-ISL-15896192
EPI-ISL-15896279_Australia_2022	B-D.5.2.1.4	Australia	2022	EPI-ISL-15896279
EPI-ISL-15896226_Australia_2022	B-D.5.2.1.4	Australia	2022	EPI-ISL-15896226
EPI-ISL-16881200_Scotland_2022	B-D.5.2.1.4	Scotland	2022	EPI-ISL-16881200
EPI-ISL-16960043_New-Zealand_2021	B-D.5.2.1.4	New-Zealand	2021	EPI-ISL-16960043
EPI-ISL-16959755_New-Zealand_2021	B-D.5.2.1.4	New-Zealand	2021	EPI-ISL-16959755
EPI-ISL-16959936_New-Zealand_2021	B-D.5.2.1.4	New-Zealand	2021	EPI-ISL-16959936
EPI-ISL-16959705_New-Zealand_2021	B-D.5.2.1.4	New-Zealand	2021	EPI-ISL-16959705
EPI-ISL-16960040_New-Zealand_2021	B-D.5.2.1.4	New-Zealand	2021	EPI-ISL-16960040
EPI-ISL-16959878_New-Zealand_2021	B-D.5.2.1.4	New-Zealand	2021	EPI-ISL-16959878
EPI-ISL-16959678_New-Zealand_2021	B-D.5.2.1.4	New-Zealand	2021	EPI-ISL-16959678
EPI-ISL-16960041_New-Zealand_2021	B-D.5.2.1.4	New-Zealand	2021	EPI-ISL-16960041
EPI-ISL-16959941_New-Zealand_2021	B-D.5.2.1.4	New-Zealand	2021	EPI-ISL-16959941
EPI-ISL-16959893_New-Zealand_2021	B-D.5.2.1.4	New-Zealand	2021	EPI-ISL-16959893
EPI-ISL-16959906_New-Zealand_2021	B-D.5.2.1.4	New-Zealand	2021	EPI-ISL-16959906
EPI-ISL-16959480_New-Zealand_2021	B-D.5.2.1.4	New-Zealand	2021	EPI-ISL-16959480
EPI-ISL-16959932_New-Zealand_2021	B-D.5.2.1.4	New-Zealand	2021	EPI-ISL-16959932
EPI-ISL-16960105_New-Zealand_2021	B-D.5.2.1.4	New-Zealand	2021	EPI-ISL-16960105
EPI-ISL-16959991_New-Zealand_2021	B-D.5.2.1.4	New-Zealand	2021	EPI-ISL-16959991
EPI-ISL-16960106_New-Zealand_2021	B-D.5.2.1.4	New-Zealand	2021	EPI-ISL-16960106
EPI-ISL-16959988_New-Zealand_2021	B-D.5.2.1.4	New-Zealand	2021	EPI-ISL-16959988
EPI-ISL-16959990_New-Zealand_2021	B-D.5.2.1.4	New-Zealand	2021	EPI-ISL-16959990
EPI-ISL-16959845_New-Zealand_2021	B-D.5.2.1.4	New-Zealand	2021	EPI-ISL-16959845
EPI-ISL-16960093_New-Zealand_2021	B-D.5.2.1.4	New-Zealand	2021	EPI-ISL-16960093
EPI-ISL-16960107_New-Zealand_2021	B-D.5.2.1.4	New-Zealand	2021	EPI-ISL-16960107
EPI-ISL-16960147_New-Zealand_2021	B-D.5.2.1.4	New-Zealand	2021	EPI-ISL-16960147
EPI-ISL-16960148_New-Zealand_2021	B-D.5.2.1.4	New-Zealand	2021	EPI-ISL-16960148
EPI-ISL-16960109_New-Zealand_2021	B-D.5.2.1.4	New-Zealand	2021	EPI-ISL-16960109
EPI-ISL-16959841_New-Zealand_2021	B-D.5.2.1.4	New-Zealand	2021	EPI-ISL-16959841
EPI-ISL-16960108_New-Zealand_2021	B-D.5.2.1.4	New-Zealand	2021	EPI-ISL-16960108
EPI-ISL-16960110_New-Zealand_2021	B-D.5.2.1.4	New-Zealand	2021	EPI-ISL-16960110
EPI-ISL-16959472_New-Zealand_2021	B-D.5.2.1.4	New-Zealand	2021	EPI-ISL-16959472
EPI-ISL-16959864_New-Zealand_2021	B-D.5.2.1.4	New-Zealand	2021	EPI-ISL-16959864
EPI-ISL-16959998_New-Zealand_2021	B-D.5.2.1.4	New-Zealand	2021	EPI-ISL-16959998
EPI-ISL-16960000_New-Zealand_2021	B-D.5.2.1.4	New-Zealand	2021	EPI-ISL-16960000
EPI-ISL-16960119_New-Zealand_2021	B-D.5.2.1.4	New-Zealand	2021	EPI-ISL-16960119
EPI-ISL-16960124_New-Zealand_2021	B-D.5.2.1.4	New-Zealand	2021	EPI-ISL-16960124
EPI-ISL-16960121_New-Zealand_2021	B-D.5.2.1.4	New-Zealand	2021	EPI-ISL-16960121
EPI-ISL-16959701_New-Zealand_2021	B-D.5.2.1.4	New-Zealand	2021	EPI-ISL-16959701
EPI-ISL-16959726_New-Zealand_2021	B-D.5.2.1.4	New-Zealand	2021	EPI-ISL-16959726
EPI-ISL-16959828_New-Zealand_2021	B-D.5.2.1.4	New-Zealand	2021	EPI-ISL-16959828
EPI-ISL-16959874_New-Zealand_2021	B-D.5.2.1.4	New-Zealand	2021	EPI-ISL-16959874
EPI-ISL-16960097_New-Zealand_2021	B-D.5.2.1.4	New-Zealand	2021	EPI-ISL-16960097
EPI-ISL-16959704_New-Zealand_2021	B-D.5.2.1.4	New-Zealand	2021	EPI-ISL-16959704
EPI-ISL-16959631_New-Zealand_2021	B-D.5.2.1.4	New-Zealand	2021	EPI-ISL-16959631
EPI-ISL-16959469_New-Zealand_2021	B-D.5.2.1.4	New-Zealand	2021	EPI-ISL-16959469
EPI-ISL-16960095_New-Zealand_2021	B-D.5.2.1.4	New-Zealand	2021	EPI-ISL-16960095
EPI-ISL-16960031_New-Zealand_2021	B-D.5.2.1.4	New-Zealand	2021	EPI-ISL-16960031
EPI-ISL-16960053_New-Zealand_2021	B-D.5.2.1.4	New-Zealand	2021	EPI-ISL-16960053
EPI-ISL-16960027_New-Zealand_2021	B-D.5.2.1.4	New-Zealand	2021	EPI-ISL-16960027
EPI-ISL-16959940_New-Zealand_2021	B-D.5.2.1.4	New-Zealand	2021	EPI-ISL-16959940
EPI-ISL-16959855_New-Zealand_2021	B-D.5.2.1.4	New-Zealand	2021	EPI-ISL-16959855
EPI-ISL-16959854_New-Zealand_2021	B-D.5.2.1.4	New-Zealand	2021	EPI-ISL-16959854
EPI-ISL-16960128_New-Zealand_2021	B-D.5.2.1.4	New-Zealand	2021	EPI-ISL-16960128
EPI-ISL-16959752_New-Zealand_2021	B-D.5.2.1.4	New-Zealand	2021	EPI-ISL-16959752
EPI-ISL-16960017_New-Zealand_2021	B-D.5.2.1.4	New-Zealand	2021	EPI-ISL-16960017
EPI-ISL-16959880_New-Zealand_2021	B-D.5.2.1.4	New-Zealand	2021	EPI-ISL-16959880
EPI-ISL-16960078_New-Zealand_2021	B-D.5.2.1.4	New-Zealand	2021	EPI-ISL-16960078
EPI-ISL-16959753_New-Zealand_2021	B-D.5.2.1.4	New-Zealand	2021	EPI-ISL-16959753
EPI-ISL-16959723_New-Zealand_2021	B-D.5.2.1.4	New-Zealand	2021	EPI-ISL-16959723
EPI-ISL-16959844_New-Zealand_2021	B-D.5.2.1.4	New-Zealand	2021	EPI-ISL-16959844
EPI-ISL-16959586_New-Zealand_2021	B-D.5.2.1.4	New-Zealand	2021	EPI-ISL-16959586
EPI-ISL-16959650_New-Zealand_2021	B-D.5.2.1.4	New-Zealand	2021	EPI-ISL-16959650
EPI-ISL-16959956_New-Zealand_2021	B-D.5.2.1.4	New-Zealand	2021	EPI-ISL-16959956
EPI-ISL-16959475_New-Zealand_2021	B-D.5.2.1.4	New-Zealand	2021	EPI-ISL-16959475
EPI-ISL-16960142_New-Zealand_2021	B-D.5.2.1.4	New-Zealand	2021	EPI-ISL-16960142
EPI-ISL-16959696_New-Zealand_2021	B-D.5.2.1.4	New-Zealand	2021	EPI-ISL-16959696
EPI-ISL-16960144_New-Zealand_2021	B-D.5.2.1.4	New-Zealand	2021	EPI-ISL-16960144
EPI-ISL-16959850_New-Zealand_2021	B-D.5.2.1.4	New-Zealand	2021	EPI-ISL-16959850
EPI-ISL-16959931_New-Zealand_2021	B-D.5.2.1.4	New-Zealand	2021	EPI-ISL-16959931
EPI-ISL-16959470_New-Zealand_2021	B-D.5.2.1.4	New-Zealand	2021	EPI-ISL-16959470
EPI-ISL-16959658_New-Zealand_2021	B-D.5.2.1.4	New-Zealand	2021	EPI-ISL-16959658
EPI-ISL-16959610_New-Zealand_2021	B-D.5.2.1.4	New-Zealand	2021	EPI-ISL-16959610
EPI-ISL-16959611_New-Zealand_2021	B-D.5.2.1.4	New-Zealand	2021	EPI-ISL-16959611
EPI-ISL-16959657_New-Zealand_2021	B-D.5.2.1.4	New-Zealand	2021	EPI-ISL-16959657
EPI-ISL-16959938_New-Zealand_2021	B-D.5.2.1.4	New-Zealand	2021	EPI-ISL-16959938
EPI-ISL-16960092_New-Zealand_2021	B-D.5.2.1.4	New-Zealand	2021	EPI-ISL-16960092
EPI-ISL-16960028_New-Zealand_2021	B-D.5.2.1.4	New-Zealand	2021	EPI-ISL-16960028
EPI-ISL-16959950_New-Zealand_2021	B-D.5.2.1.4	New-Zealand	2021	EPI-ISL-16959950
EPI-ISL-16960075_New-Zealand_2021	B-D.5.2.1.4	New-Zealand	2021	EPI-ISL-16960075
EPI-ISL-16960001_New-Zealand_2021	B-D.5.2.1.4	New-Zealand	2021	EPI-ISL-16960001
EPI-ISL-16960033_New-Zealand_2021	B-D.5.2.1.4	New-Zealand	2021	EPI-ISL-16960033
EPI-ISL-16960080_New-Zealand_2021	B-D.5.2.1.4	New-Zealand	2021	EPI-ISL-16960080
EPI-ISL-16959937_New-Zealand_2021	B-D.5.2.1.4	New-Zealand	2021	EPI-ISL-16959937
EPI-ISL-16959888_New-Zealand_2021	B-D.5.2.1.4	New-Zealand	2021	EPI-ISL-16959888
EPI-ISL-16960015_New-Zealand_2021	B-D.5.2.1.4	New-Zealand	2021	EPI-ISL-16960015
EPI-ISL-16960006_New-Zealand_2021	B-D.5.2.1.4	New-Zealand	2021	EPI-ISL-16960006
EPI-ISL-16959892_New-Zealand_2021	B-D.5.2.1.4	New-Zealand	2021	EPI-ISL-16959892
EPI-ISL-16959921_New-Zealand_2021	B-D.5.2.1.4	New-Zealand	2021	EPI-ISL-16959921
EPI-ISL-15774061_Australia_2021	B-D.5.2.1.4	Australia	2021	EPI-ISL-15774061
EPI-ISL-11817074_Australia_2021	B-D.5.2.1.4	Australia	2021	EPI-ISL-11817074
EPI-ISL-15774048_Australia_2021	B-D.5.2.1.4	Australia	2021	EPI-ISL-15774048
OM857382_Australia_2021	B-D.5.2.1.4	Australia	2021	OM857382
EPI-ISL-11817057_Australia_2021	B-D.5.2.1.4	Australia	2021	EPI-ISL-11817057
EPI-ISL-11817085_Australia_2021	B-D.5.2.1.4	Australia	2021	EPI-ISL-11817085
EPI-ISL-15774037_Australia_2021	B-D.5.2.1.4	Australia	2021	EPI-ISL-15774037
EPI-ISL-11817031_Australia_2021	B-D.5.2.1.4	Australia	2021	EPI-ISL-11817031
EPI-ISL-11817054_Australia_2021	B-D.5.2.1.4	Australia	2021	EPI-ISL-11817054
EPI-ISL-15774052_Australia_2021	B-D.5.2.1.4	Australia	2021	EPI-ISL-15774052
EPI-ISL-11817037_Australia_2021	B-D.5.2.1.4	Australia	2021	EPI-ISL-11817037
EPI-ISL-11817059_Australia_2021	B-D.5.2.1.4	Australia	2021	EPI-ISL-11817059
EPI-ISL-11817067_Australia_2021	B-D.5.2.1.4	Australia	2021	EPI-ISL-11817067
EPI-ISL-15774034_Australia_2021	B-D.5.2.1.4	Australia	2021	EPI-ISL-15774034
EPI-ISL-11817063_Australia_2021	B-D.5.2.1.4	Australia	2021	EPI-ISL-11817063
EPI-ISL-11817084_Australia_2021	B-D.5.2.1.4	Australia	2021	EPI-ISL-11817084
OM857383_Australia_2021	B-D.5.2.1.4	Australia	2021	OM857383
OM857389_Australia_2020	B-D.5.2.1.4	Australia	2020	OM857389
EPI-ISL-16959498_New-Zealand_2021	B-D.5.2.1.4	New-Zealand	2021	EPI-ISL-16959498
EPI-ISL-16960067_New-Zealand_2021	B-D.5.2.1.4	New-Zealand	2021	EPI-ISL-16960067
EPI-ISL-16959558_New-Zealand_2021	B-D.5.2.1.4	New-Zealand	2021	EPI-ISL-16959558
EPI-ISL-16959786_New-Zealand_2021	B-D.5.2.1.4	New-Zealand	2021	EPI-ISL-16959786
EPI-ISL-16959891_New-Zealand_2021	B-D.5.2.1.4	New-Zealand	2021	EPI-ISL-16959891
EPI-ISL-16959898_New-Zealand_2021	B-D.5.2.1.4	New-Zealand	2021	EPI-ISL-16959898
EPI-ISL-16959853_New-Zealand_2021	B-D.5.2.1.4	New-Zealand	2021	EPI-ISL-16959853
EPI-ISL-16960145_New-Zealand_2021	B-D.5.2.1.4	New-Zealand	2021	EPI-ISL-16960145
EPI-ISL-16959896_New-Zealand_2021	B-D.5.2.1.4	New-Zealand	2021	EPI-ISL-16959896
EPI-ISL-16959912_New-Zealand_2021	B-D.5.2.1.4	New-Zealand	2021	EPI-ISL-16959912
EPI-ISL-16959529_New-Zealand_2021	B-D.5.2.1.4	New-Zealand	2021	EPI-ISL-16959529
EPI-ISL-16959911_New-Zealand_2021	B-D.5.2.1.4	New-Zealand	2021	EPI-ISL-16959911
EPI-ISL-16959527_New-Zealand_2021	B-D.5.2.1.4	New-Zealand	2021	EPI-ISL-16959527
EPI-ISL-16959521_New-Zealand_2021	B-D.5.2.1.4	New-Zealand	2021	EPI-ISL-16959521
EPI-ISL-16959929_New-Zealand_2021	B-D.5.2.1.4	New-Zealand	2021	EPI-ISL-16959929
EPI-ISL-16959494_New-Zealand_2021	B-D.5.2.1.4	New-Zealand	2021	EPI-ISL-16959494
EPI-ISL-16959811_New-Zealand_2021	B-D.5.2.1.4	New-Zealand	2021	EPI-ISL-16959811
EPI-ISL-16959513_New-Zealand_2021	B-D.5.2.1.4	New-Zealand	2021	EPI-ISL-16959513
EPI-ISL-16959477_New-Zealand_2021	B-D.5.2.1.4	New-Zealand	2021	EPI-ISL-16959477
EPI-ISL-16960018_New-Zealand_2021	B-D.5.2.1.4	New-Zealand	2021	EPI-ISL-16960018
EPI-ISL-16960019_New-Zealand_2021	B-D.5.2.1.4	New-Zealand	2021	EPI-ISL-16960019
EPI-ISL-16959505_New-Zealand_2021	B-D.5.2.1.4	New-Zealand	2021	EPI-ISL-16959505
EPI-ISL-16959993_New-Zealand_2021	B-D.5.2.1.4	New-Zealand	2021	EPI-ISL-16959993
EPI-ISL-16960116_New-Zealand_2021	B-D.5.2.1.4	New-Zealand	2021	EPI-ISL-16960116
EPI-ISL-16959812_New-Zealand_2021	B-D.5.2.1.4	New-Zealand	2021	EPI-ISL-16959812
EPI-ISL-16959900_New-Zealand_2021	B-D.5.2.1.4	New-Zealand	2021	EPI-ISL-16959900
EPI-ISL-16959815_New-Zealand_2021	B-D.5.2.1.4	New-Zealand	2021	EPI-ISL-16959815
EPI-ISL-16959524_New-Zealand_2021	B-D.5.2.1.4	New-Zealand	2021	EPI-ISL-16959524
EPI-ISL-16959903_New-Zealand_2021	B-D.5.2.1.4	New-Zealand	2021	EPI-ISL-16959903
EPI-ISL-16959519_New-Zealand_2021	B-D.5.2.1.4	New-Zealand	2021	EPI-ISL-16959519
EPI-ISL-16960150_New-Zealand_2021	B-D.5.2.1.4	New-Zealand	2021	EPI-ISL-16960150
EPI-ISL-16960134_New-Zealand_2021	B-D.5.2.1.4	New-Zealand	2021	EPI-ISL-16960134
EPI-ISL-16959506_New-Zealand_2021	B-D.5.2.1.4	New-Zealand	2021	EPI-ISL-16959506
EPI-ISL-16960135_New-Zealand_2021	B-D.5.2.1.4	New-Zealand	2021	EPI-ISL-16960135
EPI-ISL-16959785_New-Zealand_2021	B-D.5.2.1.4	New-Zealand	2021	EPI-ISL-16959785
EPI-ISL-16959935_New-Zealand_2021	B-D.5.2.1.4	New-Zealand	2021	EPI-ISL-16959935
EPI-ISL-16960146_New-Zealand_2021	B-D.5.2.1.4	New-Zealand	2021	EPI-ISL-16960146
EPI-ISL-16959488_New-Zealand_2021	B-D.5.2.1.4	New-Zealand	2021	EPI-ISL-16959488
EPI-ISL-16959797_New-Zealand_2021	B-D.5.2.1.4	New-Zealand	2021	EPI-ISL-16959797
EPI-ISL-16959805_New-Zealand_2021	B-D.5.2.1.4	New-Zealand	2021	EPI-ISL-16959805
EPI-ISL-16959517_New-Zealand_2021	B-D.5.2.1.4	New-Zealand	2021	EPI-ISL-16959517
EPI-ISL-16959493_New-Zealand_2021	B-D.5.2.1.4	New-Zealand	2021	EPI-ISL-16959493
EPI-ISL-16959499_New-Zealand_2021	B-D.5.2.1.4	New-Zealand	2021	EPI-ISL-16959499
EPI-ISL-16959487_New-Zealand_2021	B-D.5.2.1.4	New-Zealand	2021	EPI-ISL-16959487
EPI-ISL-16959897_New-Zealand_2021	B-D.5.2.1.4	New-Zealand	2021	EPI-ISL-16959897
EPI-ISL-16959791_New-Zealand_2021	B-D.5.2.1.4	New-Zealand	2021	EPI-ISL-16959791
EPI-ISL-16960138_New-Zealand_2021	B-D.5.2.1.4	New-Zealand	2021	EPI-ISL-16960138
EPI-ISL-16959523_New-Zealand_2021	B-D.5.2.1.4	New-Zealand	2021	EPI-ISL-16959523
EPI-ISL-16959930_New-Zealand_2021	B-D.5.2.1.4	New-Zealand	2021	EPI-ISL-16959930
EPI-ISL-16959502_New-Zealand_2021	B-D.5.2.1.4	New-Zealand	2021	EPI-ISL-16959502
EPI-ISL-16959518_New-Zealand_2021	B-D.5.2.1.4	New-Zealand	2021	EPI-ISL-16959518
EPI-ISL-16959894_New-Zealand_2021	B-D.5.2.1.4	New-Zealand	2021	EPI-ISL-16959894
EPI-ISL-16959794_New-Zealand_2021	B-D.5.2.1.4	New-Zealand	2021	EPI-ISL-16959794
EPI-ISL-16959984_New-Zealand_2021	B-D.5.2.1.4	New-Zealand	2021	EPI-ISL-16959984
EPI-ISL-16959489_New-Zealand_2021	B-D.5.2.1.4	New-Zealand	2021	EPI-ISL-16959489
EPI-ISL-16959909_New-Zealand_2021	B-D.5.2.1.4	New-Zealand	2021	EPI-ISL-16959909
EPI-ISL-16959476_New-Zealand_2021	B-D.5.2.1.4	New-Zealand	2021	EPI-ISL-16959476
EPI-ISL-16960096_New-Zealand_2021	B-D.5.2.1.4	New-Zealand	2021	EPI-ISL-16960096
EPI-ISL-16959560_New-Zealand_2021	B-D.5.2.1.4	New-Zealand	2021	EPI-ISL-16959560
EPI-ISL-16959795_New-Zealand_2021	B-D.5.2.1.4	New-Zealand	2021	EPI-ISL-16959795
EPI-ISL-16959804_New-Zealand_2021	B-D.5.2.1.4	New-Zealand	2021	EPI-ISL-16959804
EPI-ISL-16959491_New-Zealand_2021	B-D.5.2.1.4	New-Zealand	2021	EPI-ISL-16959491
EPI-ISL-16959913_New-Zealand_2021	B-D.5.2.1.4	New-Zealand	2021	EPI-ISL-16959913
EPI-ISL-16960020_New-Zealand_2021	B-D.5.2.1.4	New-Zealand	2021	EPI-ISL-16960020
EPI-ISL-16959520_New-Zealand_2021	B-D.5.2.1.4	New-Zealand	2021	EPI-ISL-16959520
EPI-ISL-16959796_New-Zealand_2021	B-D.5.2.1.4	New-Zealand	2021	EPI-ISL-16959796
EPI-ISL-16960133_New-Zealand_2021	B-D.5.2.1.4	New-Zealand	2021	EPI-ISL-16960133
EPI-ISL-16959992_New-Zealand_2021	B-D.5.2.1.4	New-Zealand	2021	EPI-ISL-16959992
EPI-ISL-16959917_New-Zealand_2021	B-D.5.2.1.4	New-Zealand	2021	EPI-ISL-16959917
EPI-ISL-16960009_New-Zealand_2021	B-D.5.2.1.4	New-Zealand	2021	EPI-ISL-16960009
EPI-ISL-16959801_New-Zealand_2021	B-D.5.2.1.4	New-Zealand	2021	EPI-ISL-16959801
EPI-ISL-16959902_New-Zealand_2021	B-D.5.2.1.4	New-Zealand	2021	EPI-ISL-16959902
EPI-ISL-16959839_New-Zealand_2021	B-D.5.2.1.4	New-Zealand	2021	EPI-ISL-16959839
EPI-ISL-16959876_New-Zealand_2021	B-D.5.2.1.4	New-Zealand	2021	EPI-ISL-16959876
EPI-ISL-16959875_New-Zealand_2021	B-D.5.2.1.4	New-Zealand	2021	EPI-ISL-16959875
EPI-ISL-16959763_New-Zealand_2021	B-D.5.2.1.4	New-Zealand	2021	EPI-ISL-16959763
EPI-ISL-16960035_New-Zealand_2021	B-D.5.2.1.4	New-Zealand	2021	EPI-ISL-16960035
EPI-ISL-16959760_New-Zealand_2021	B-D.5.2.1.4	New-Zealand	2021	EPI-ISL-16959760
EPI-ISL-16959939_New-Zealand_2021	B-D.5.2.1.4	New-Zealand	2021	EPI-ISL-16959939
EPI-ISL-16960063_New-Zealand_2021	B-D.5.2.1.4	New-Zealand	2021	EPI-ISL-16960063
EPI-ISL-16959716_New-Zealand_2021	B-D.5.2.1.4	New-Zealand	2021	EPI-ISL-16959716
EPI-ISL-16960122_New-Zealand_2021	B-D.5.2.1.4	New-Zealand	2021	EPI-ISL-16960122
EPI-ISL-16960126_New-Zealand_2021	B-D.5.2.1.4	New-Zealand	2021	EPI-ISL-16960126
EPI-ISL-16959739_New-Zealand_2021	B-D.5.2.1.4	New-Zealand	2021	EPI-ISL-16959739
EPI-ISL-16959516_New-Zealand_2021	B-D.5.2.1.4	New-Zealand	2021	EPI-ISL-16959516
EPI-ISL-16959790_New-Zealand_2021	B-D.5.2.1.4	New-Zealand	2021	EPI-ISL-16959790
EPI-ISL-16960127_New-Zealand_2021	B-D.5.2.1.4	New-Zealand	2021	EPI-ISL-16960127
EPI-ISL-16960143_New-Zealand_2021	B-D.5.2.1.4	New-Zealand	2021	EPI-ISL-16960143
EPI-ISL-16959996_New-Zealand_2021	B-D.5.2.1.4	New-Zealand	2021	EPI-ISL-16959996
EPI-ISL-16960123_New-Zealand_2021	B-D.5.2.1.4	New-Zealand	2021	EPI-ISL-16960123
EPI-ISL-17066792_Australia_2022	B-D.5.2.1.4	Australia	2022	EPI-ISL-17066792
EPI-ISL-17066796_Australia_2022	B-D.5.2.1.4	Australia	2022	EPI-ISL-17066796
EPI-ISL-15896207_Australia_2022	B-D.5.2.1.4	Australia	2022	EPI-ISL-15896207
EPI-ISL-15896224_Australia_2022	B-D.5.2.1.4	Australia	2022	EPI-ISL-15896224
EPI-ISL-15896220_Australia_2022	B-D.5.2.1.4	Australia	2022	EPI-ISL-15896220
EPI-ISL-16714754_Australia_2022	B-D.5.2.1.4	Australia	2022	EPI-ISL-16714754
EPI-ISL-15896236_Australia_2022	B-D.5.2.1.4	Australia	2022	EPI-ISL-15896236
EPI-ISL-15896274_Australia_2022	B-D.5.2.1.4	Australia	2022	EPI-ISL-15896274
EPI-ISL-11817098_Australia_2021	B-D.5.2.1.4	Australia	2021	EPI-ISL-11817098
EPI-ISL-11817089_Australia_2021	B-D.5.2.1.4	Australia	2021	EPI-ISL-11817089
EPI-ISL-16714762_Australia_2022	B-D.5.2.1.4	Australia	2022	EPI-ISL-16714762
EPI-ISL-15896249_Australia_2022	B-D.5.2.1.4	Australia	2022	EPI-ISL-15896249
EPI-ISL-15896284_Australia_2022	B-D.5.2.1.4	Australia	2022	EPI-ISL-15896284
EPI-ISL-17066790_Australia_2022	B-D.5.2.1.4	Australia	2022	EPI-ISL-17066790
EPI-ISL-11817087_Australia_2021	B-D.5.2.1.4	Australia	2021	EPI-ISL-11817087
EPI-ISL-11817093_Australia_2021	B-D.5.2.1.4	Australia	2021	EPI-ISL-11817093
EPI-ISL-11817131_Australia_2021	B-D.5.2.1.4	Australia	2021	EPI-ISL-11817131
EPI-ISL-11817137_Australia_2021	B-D.5.2.1.4	Australia	2021	EPI-ISL-11817137
EPI-ISL-11817132_Australia_2021	B-D.5.2.1.4	Australia	2021	EPI-ISL-11817132
EPI-ISL-11817130_Australia_2021	B-D.5.2.1.4	Australia	2021	EPI-ISL-11817130
EPI-ISL-11817134_Australia_2021	B-D.5.2.1.4	Australia	2021	EPI-ISL-11817134
EPI-ISL-11817114_Australia_2020	B-D.5.2.1.4	Australia	2020	EPI-ISL-11817114
EPI-ISL-11817121_Australia_2020	B-D.5.2.1.4	Australia	2020	EPI-ISL-11817121
OM857387_Australia_2021	B-D.5.2.1.4	Australia	2021	OM857387
EPI-ISL-11817139_Australia_2021	B-D.5.2.1.4	Australia	2021	EPI-ISL-11817139
OM857385_Australia_2021	B-D.5.2.1.4	Australia	2021	OM857385
EPI-ISL-11817033_Australia_2021	B-D.5.2.1.4	Australia	2021	EPI-ISL-11817033
EPI-ISL-11817052_Australia_2021	B-D.5.2.1.4	Australia	2021	EPI-ISL-11817052
EPI-ISL-15774036_Australia_2021	B-D.5.2.1.4	Australia	2021	EPI-ISL-15774036
OM857388_Australia_2020	B-D.5.2.1.4	Australia	2020	OM857388
EPI-ISL-11817129_Australia_2020	B-D.5.2.1.4	Australia	2020	EPI-ISL-11817129
OM857384_Australia_2021	B-D.5.2.1.4	Australia	2021	OM857384
