name	clade	CountryA	YearA	strain
MG642074_USA_1980	A-C	USA	1980	MG642074
EPI-ISL-15771600_USA_1956	A-C	USA	1956	EPI-ISL-15771600
EPI-ISL-15771591_USA_1994	A-C.1	USA	1994	EPI-ISL-15771591
EPI-ISL-15771595_USA_1995	A-C.1	USA	1995	EPI-ISL-15771595
EPI-ISL-15771598_USA_1995	A-C.1	USA	1995	EPI-ISL-15771598
EPI-ISL-15771587_USA_1994	A-C.1	USA	1994	EPI-ISL-15771587
EPI-ISL-15771609_USA_1995	A-C.1	USA	1995	EPI-ISL-15771609
EPI-ISL-15771603_USA_1995	A-C.1	USA	1995	EPI-ISL-15771603
MG642067_USA_1987	A-C.1	USA	1987	MG642067
MG642038_USA_1985	A-C.1	USA	1985	MG642038
MG642075_USA_1986	A-C.1	USA	1986	MG642075
MG642069_USA_1985	A-C.1	USA	1985	MG642069
MG642060_USA_1980	A-C.1	USA	1980	MG642060
MG642040_USA_1980	A-C.2	USA	1980	MG642040
MG642058_USA_1980	A-C.2	USA	1980	MG642058
MG642032_USA_1980	A-C.2	USA	1980	MG642032
MG642028_USA_1980	A-C.2	USA	1980	MG642028
MG642024_USA_1981	A-C.2	USA	1981	MG642024
MG642079_USA_1982	A-C.2	USA	1982	MG642079
MG642083_USA_1987	A-C.2	USA	1987	MG642083
MG642052_USA_1994	A-C.2	USA	1994	MG642052
MG642061_USA_1994	A-C.2	USA	1994	MG642061
EPI-ISL-15771611_USA_1995	A-C.2	USA	1995	EPI-ISL-15771611
EPI-ISL-15771615_USA_1993	A-C.2	USA	1993	EPI-ISL-15771615
KJ627695_USA_2001	A-C.2	USA	2001	KJ627695
MG642055_USA_1990	A-C.2	USA	1990	MG642055
EPI-ISL-15771604_USA_1995	A-C.2	USA	1995	EPI-ISL-15771604
KJ627676_USA_2001	A-C.2.1	USA	2001	KJ627676
KJ627708_USA_2001	A-C.2.1	USA	2001	KJ627708
KJ627670_USA_2003	A-C.2.1	USA	2003	KJ627670
KJ627671_USA_2003	A-C.2.1	USA	2003	KJ627671
KJ627663_USA_2003	A-C.2.1	USA	2003	KJ627663
KJ627657_USA_2003	A-C.2.1	USA	2003	KJ627657
KJ627723_USA_2004	A-C.2.1	USA	2004	KJ627723
KJ627727_USA_2003	A-C.2.1	USA	2003	KJ627727
KJ627731_USA_2003	A-C.2.1	USA	2003	KJ627731
KJ627733_USA_2003	A-C.2.1	USA	2003	KJ627733
KJ627652_USA_2002	A-C.2.1	USA	2002	KJ627652
KJ627672_USA_2001	A-C.2.1	USA	2001	KJ627672
KJ627674_USA_2001	A-C.2.1	USA	2001	KJ627674
KJ627673_USA_2001	A-C.2.1	USA	2001	KJ627673
KJ627688_USA_2001	A-C.2.1	USA	2001	KJ627688
KJ627689_USA_2001	A-C.2.1	USA	2001	KJ627689
KJ627710_USA_2001	A-C.2.1	USA	2001	KJ627710
KJ627693_USA_2001	A-C.2.1	USA	2001	KJ627693
KJ627685_USA_2001	A-C.2.1	USA	2001	KJ627685
KJ627686_USA_2001	A-C.2.1	USA	2001	KJ627686
KJ627704_USA_2001	A-C.2.1	USA	2001	KJ627704
KJ627705_USA_2001	A-C.2.1	USA	2001	KJ627705
KJ627678_USA_2001	A-C.2.1	USA	2001	KJ627678
KJ627682_USA_2001	A-C.2.1	USA	2001	KJ627682
KJ627656_USA_2003	A-C.2.1	USA	2003	KJ627656
MZ221191_China_2014	A-C.2.1	China	2014	MZ221191
KJ627690_USA_2001	A-C.2.1	USA	2001	KJ627690
KJ627662_USA_2003	A-C.2.1.1	USA	2003	KJ627662
KJ627714_USA_2003	A-C.2.1.1	USA	2003	KJ627714
KJ627719_USA_2004	A-C.2.1.1	USA	2004	KJ627719
KJ627720_USA_2004	A-C.2.1.1	USA	2004	KJ627720
KJ627721_USA_2004	A-C.2.1.1	USA	2004	KJ627721
KJ627666_USA_2003	A-C.2.1.1	USA	2003	KJ627666
KJ627668_USA_2003	A-C.2.1.1	USA	2003	KJ627668
KJ627716_USA_2003	A-C.2.1.1	USA	2003	KJ627716
KJ627717_USA_2001	A-C.2.1.1	USA	2001	KJ627717
KJ627729_USA_2003	A-C.2.1.1	USA	2003	KJ627729
EPI-ISL-6494911_England_2009	A-C.2.1.1	England	2009	EPI-ISL-6494911
EPI-ISL-6494783_England_2014	A-C.2.1.1	England	2014	EPI-ISL-6494783
OK649646_Brazil_2010	A-C.2.1.1	Brazil	2010	OK649646
EPI-ISL-15752021_Brazil_2010	A-C.2.1.1	Brazil	2010	EPI-ISL-15752021
EPI-ISL-15752024_Brazil_2010	A-C.2.1.1	Brazil	2010	EPI-ISL-15752024
OK649637_Brazil_2009	A-C.2.1.1	Brazil	2009	OK649637
OK649608_Brazil_2008	A-C.2.1.1	Brazil	2008	OK649608
EPI-ISL-15752082_Brazil_2008	A-C.2.1.1	Brazil	2008	EPI-ISL-15752082
OK649606_Brazil_2008	A-C.2.1.1	Brazil	2008	OK649606
OK649635_Brazil_2009	A-C.2.1.1	Brazil	2009	OK649635
OK649649_Brazil_2010	A-C.2.1.1	Brazil	2010	OK649649
KF973338_USA_2002	A-C.2.1.1	USA	2002	KF973338
KF973339_USA_2002	A-C.2.1.1	USA	2002	KF973339
KF973335_USA_2002	A-C.2.1.1	USA	2002	KF973335
KF973331_USA_2002	A-C.2.1.1	USA	2002	KF973331
KF973334_USA_2002	A-C.2.1.1	USA	2002	KF973334
KF973325_USA_2002	A-C.2.1.1	USA	2002	KF973325
KF973340_USA_2002	A-C.2.1.1	USA	2002	KF973340
KJ627649_USA_2001	A-C.2.1.1	USA	2001	KJ627649
KJ627654_USA_2002	A-C.2.1.1	USA	2002	KJ627654
MG027862_USA_2003	A-C.2.1.1	USA	2003	MG027862
OK649617_Brazil_2008	A-C.2.1.1	Brazil	2008	OK649617
OK649677_USA_2004	A-C.2.1.1	USA	2004	OK649677
MG642035_USA_1984	A-C.3	USA	1984	MG642035
MG642071_USA_1984	A-C.3	USA	1984	MG642071
MG642063_USA_1982	A-C.3	USA	1982	MG642063
MG642077_USA_1987	A-C.3	USA	1987	MG642077
MG642070_USA_1986	A-C.3	USA	1986	MG642070
EPI-ISL-15820267_Canada_1995	A-C.3	Canada	1995	EPI-ISL-15820267
OK649678_USA_2005	A-C.3	USA	2005	OK649678
EPI-ISL-15771601_USA_1994	A-C.3	USA	1994	EPI-ISL-15771601
MG642030_USA_1988	A-C.3	USA	1988	MG642030
MG642034_USA_1985	A-C.3	USA	1985	MG642034
MG642026_USA_1982	A-C.3	USA	1982	MG642026
MG642081_USA_1982	A-C.3	USA	1982	MG642081
MG642056_USA_1982	A-C.3	USA	1982	MG642056
EPI-ISL-15771606_USA_1995	A-C.3	USA	1995	EPI-ISL-15771606
EPI-ISL-15771593_USA_1994	A-C.3	USA	1994	EPI-ISL-15771593
MG642080_USA_1994	A-C.3	USA	1994	MG642080
MG642033_USA_1994	A-C.3	USA	1994	MG642033
MG642050_USA_1994	A-C.3	USA	1994	MG642050
EPI-ISL-15820268_Canada_1995	A-C.3	Canada	1995	EPI-ISL-15820268
EPI-ISL-15771589_USA_1994	A-C.3	USA	1994	EPI-ISL-15771589
KJ627647_USA_2001	A-C.3	USA	2001	KJ627647
EPI-ISL-15820266_Canada_1995	A-C.3	Canada	1995	EPI-ISL-15820266
EPI-ISL-15752079_Brazil_2008	A-C.3	Brazil	2008	EPI-ISL-15752079
OK649627_Brazil_2008	A-C.3	Brazil	2008	OK649627
OK649612_Brazil_2008	A-C.3	Brazil	2008	OK649612
OK649625_Brazil_2008	A-C.3	Brazil	2008	OK649625
EPI-ISL-15752077_Brazil_2008	A-C.3	Brazil	2008	EPI-ISL-15752077
OK649614_Brazil_2008	A-C.3	Brazil	2008	OK649614
OK649679_USA_2005	A-C.3	USA	2005	OK649679
EPI-ISL-15752018_Kenya_2012	A-C.3	Kenya	2012	EPI-ISL-15752018
EPI-ISL-15752015_Kenya_2007	A-C.3	Kenya	2007	EPI-ISL-15752015
EPI-ISL-15752014_Kenya_2007	A-C.3	Kenya	2007	EPI-ISL-15752014
EPI-ISL-15752019_Kenya_2011	A-C.3	Kenya	2011	EPI-ISL-15752019
EPI-ISL-15752016_Kenya_2007	A-C.3	Kenya	2007	EPI-ISL-15752016
EPI-ISL-15752020_Kenya_2010	A-C.3	Kenya	2010	EPI-ISL-15752020
OK649642_Brazil_2010	A-C.3	Brazil	2010	OK649642
EPI-ISL-15752081_Brazil_2008	A-C.3	Brazil	2008	EPI-ISL-15752081
EPI-ISL-15752023_Brazil_2010	A-C.3.1	Brazil	2010	EPI-ISL-15752023
OK649638_Brazil_2009	A-C.3.1	Brazil	2009	OK649638
EPI-ISL-15752076_Brazil_2008	A-C.3.1	Brazil	2008	EPI-ISL-15752076
OK649634_Brazil_2008	A-C.3.1	Brazil	2008	OK649634
OK649628_Brazil_2008	A-C.3.1	Brazil	2008	OK649628
OK649618_Brazil_2008	A-C.3.1	Brazil	2008	OK649618
OK649615_Brazil_2008	A-C.3.1	Brazil	2008	OK649615
OK649603_Brazil_2008	A-C.3.1	Brazil	2008	OK649603
OK649604_Brazil_2008	A-C.3.1	Brazil	2008	OK649604
OK649605_Brazil_2008	A-C.3.1	Brazil	2008	OK649605
OK649610_Brazil_2008	A-C.3.1	Brazil	2008	OK649610
OK649613_Brazil_2008	A-C.3.1	Brazil	2008	OK649613
OK649609_Brazil_2008	A-C.3.1	Brazil	2008	OK649609
OK649611_Brazil_2008	A-C.3.1	Brazil	2008	OK649611
OK649620_Brazil_2008	A-C.3.1	Brazil	2008	OK649620
OK649630_Brazil_2008	A-C.3.1	Brazil	2008	OK649630
OK649631_Brazil_2008	A-C.3.1	Brazil	2008	OK649631
OK649616_Brazil_2008	A-C.3.1	Brazil	2008	OK649616
OK649622_Brazil_2008	A-C.3.1	Brazil	2008	OK649622
EPI-ISL-15752078_Brazil_2008	A-C.3.1	Brazil	2008	EPI-ISL-15752078
OK649607_Brazil_2008	A-C.3.1	Brazil	2008	OK649607
OK649633_Brazil_2008	A-C.3.1	Brazil	2008	OK649633
OK649629_Brazil_2008	A-C.3.1	Brazil	2008	OK649629
EPI-ISL-15752080_Brazil_2008	A-C.3.1	Brazil	2008	EPI-ISL-15752080
OK649619_Brazil_2008	A-C.3.1	Brazil	2008	OK649619
OK649632_Brazil_2008	A-C.3.1	Brazil	2008	OK649632
OK649621_Brazil_2008	A-C.3.1	Brazil	2008	OK649621
OK649626_Brazil_2008	A-C.3.1	Brazil	2008	OK649626
OK649624_Brazil_2008	A-C.3.1	Brazil	2008	OK649624
EPI-ISL-15752075_Brazil_2008	A-C.3.1	Brazil	2008	EPI-ISL-15752075
MF001047_USA_2015	A-C.3.1	USA	2015	MF001047
EPI-ISL-15752017_Kenya_2007	A-C.3.1	Kenya	2007	EPI-ISL-15752017
OK649667_Kenya_2007	A-C.3.1	Kenya	2007	OK649667
OK649623_Brazil_2008	A-C.3.1	Brazil	2008	OK649623
MK109772_Jordan_2011	A-C.3.1.1	Jordan	2011	MK109772
MK109777_Jordan_2011	A-C.3.1.1	Jordan	2011	MK109777
MK109763_Jordan_2011	A-C.3.1.1	Jordan	2011	MK109763
EPI-ISL-6494977_England_2012	A-C.3.1.1	England	2012	EPI-ISL-6494977
MF001041_USA_2015	A-C.3.1.1	USA	2015	MF001041
EPI-ISL-6494985_England_2013	A-C.3.1.1	England	2013	EPI-ISL-6494985
KY654511_Philippines_2013	A-C.3.1.1	Philippines	2013	KY654511
MH181883_Kenya_2012	A-C.3.1.1	Kenya	2012	MH181883
MH181902_Kenya_2013	A-C.3.1.1	Kenya	2013	MH181902
MH181904_Kenya_2013	A-C.3.1.1	Kenya	2013	MH181904
MH181905_Kenya_2014	A-C.3.1.1	Kenya	2014	MH181905
MH181878_Kenya_2011	A-C.3.1.1	Kenya	2011	MH181878
EPI-ISL-15752026_Brazil_2010	A-C.3.1.1	Brazil	2010	EPI-ISL-15752026
OK649648_Brazil_2010	A-C.3.1.1	Brazil	2010	OK649648
OK649645_Brazil_2010	A-C.3.1.1	Brazil	2010	OK649645
OK649641_Brazil_2009	A-C.3.1.1	Brazil	2009	OK649641
OK649643_Brazil_2010	A-C.3.1.1	Brazil	2010	OK649643
OK649644_Brazil_2010	A-C.3.1.1	Brazil	2010	OK649644
OK649650_Brazil_2010	A-C.3.1.1	Brazil	2010	OK649650
EPI-ISL-15752022_Brazil_2010	A-C.3.1.1	Brazil	2010	EPI-ISL-15752022
MK109775_Jordan_2011	A-C.3.1.1	Jordan	2011	MK109775
MK109774_Jordan_2011	A-C.3.1.1	Jordan	2011	MK109774
MK109785_Jordan_2010	A-C.3.1.1	Jordan	2010	MK109785
MF001054_USA_2015	A-C.3.1.1	USA	2015	MF001054
MF001052_USA_2015	A-C.3.1.1	USA	2015	MF001052
MK109776_Jordan_2011	A-C.3.1.1	Jordan	2011	MK109776
MK109787_Jordan_2011	A-C.3.1.1	Jordan	2011	MK109787
EPI-ISL-6494962_England_2012	A-C.3.1.1	England	2012	EPI-ISL-6494962
EPI-ISL-15752025_Brazil_2010	A-C.3.1.1	Brazil	2010	EPI-ISL-15752025
MK109773_Jordan_2011	A-C.3.1.1	Jordan	2011	MK109773
OK649636_Brazil_2009	A-C.3.1.1	Brazil	2009	OK649636
KY782635_China_2009	A-C.3.1.1	China	2009	KY782635
OK649647_Brazil_2010	A-C.3.1.1.1	Brazil	2010	OK649647
MF001043_USA_2015	A-C.3.1.1.1	USA	2015	MF001043
EPI-ISL-6494957_England_2012	A-C.3.1.1.1	England	2012	EPI-ISL-6494957
EPI-ISL-6494960_England_2012	A-C.3.1.1.1	England	2012	EPI-ISL-6494960
KJ627738_USA_2013	A-C.3.1.1.1	USA	2013	KJ627738
MH181899_Kenya_2013	A-C.3.1.1.1	Kenya	2013	MH181899
MH181906_Kenya_2015	A-C.3.1.1.1	Kenya	2015	MH181906
ON237251_Argentina_2015	A-C.3.1.1.1	Argentina	2015	ON237251
ON237255_Argentina_2015	A-C.3.1.1.1	Argentina	2015	ON237255
ON237257_Argentina_2015	A-C.3.1.1.1	Argentina	2015	ON237257
EPI-ISL-6494784_England_2014	A-C.3.1.1.1	England	2014	EPI-ISL-6494784
EPI-ISL-6494973_England_2012	A-C.3.1.1.1	England	2012	EPI-ISL-6494973
MF001050_USA_2015	A-C.3.1.1.1	USA	2015	MF001050
MF001056_USA_2015	A-C.3.1.1.1	USA	2015	MF001056
KY654507_Philippines_2012	A-C.3.1.1.1	Philippines	2012	KY654507
KY654510_Philippines_2012	A-C.3.1.1.1	Philippines	2012	KY654510
KY654508_Philippines_2012	A-C.3.1.1.1	Philippines	2012	KY654508
KY654509_Philippines_2012	A-C.3.1.1.1	Philippines	2012	KY654509
KY654506_Philippines_2012	A-C.3.1.1.1	Philippines	2012	KY654506
MF001049_USA_2015	A-C.3.1.1.1	USA	2015	MF001049
MF001051_USA_2015	A-C.3.1.1.1	USA	2015	MF001051
OK649680_USA_2012	A-C.3.1.1.1	USA	2012	OK649680
EPI-ISL-6494975_England_2012	A-C.3.1.1.1	England	2012	EPI-ISL-6494975
OK649639_Brazil_2009	A-C.3.1.1.1	Brazil	2009	OK649639
OK649640_Brazil_2009	A-C.3.1.1.1	Brazil	2009	OK649640
MN630097_USA_2016	A-C.3.1.1.1	USA	2016	MN630097
EPI-ISL-6494794_England_2014	A-D	England	2014	EPI-ISL-6494794
MW582528_Germany_2015	A-D	Germany	2015	MW582528
MZ515967_Netherlands_2018	A-D	Netherlands	2018	MZ515967
MZ515650_Netherlands_2019	A-D	Netherlands	2019	MZ515650
MZ515681_United-Kingdom_2020	A-D	United-Kingdom	2020	MZ515681
MZ221195_China_2014	A-D	China	2014	MZ221195
MZ515620_Netherlands_2018	A-D	Netherlands	2018	MZ515620
ON237276_Argentina_2016	A-D	Argentina	2016	ON237276
ON237293_Argentina_2016	A-D	Argentina	2016	ON237293
ON237287_Argentina_2016	A-D	Argentina	2016	ON237287
EPI-ISL-15120778_Morocco_2017	A-D	Morocco	2017	EPI-ISL-15120778
EPI-ISL-16282716_Vietnam_2020	A-D	Vietnam	2020	EPI-ISL-16282716
MN630093_USA_2016	A-D	USA	2016	MN630093
MN630099_USA_2016	A-D	USA	2016	MN630099
OK649681_USA_2012	A-D	USA	2012	OK649681
EPI-ISL-12544918_Vietnam_2017	A-D	Vietnam	2017	EPI-ISL-12544918
MZ515842_Spain_2020	A-D	Spain	2020	MZ515842
MZ516057_Netherlands_2019	A-D	Netherlands	2019	MZ516057
ON237298_Argentina_2017	A-D	Argentina	2017	ON237298
EPI-ISL-12544919_Vietnam_2018	A-D	Vietnam	2018	EPI-ISL-12544919
EPI-ISL-15120729_Morocco_2016	A-D	Morocco	2016	EPI-ISL-15120729
MZ515634_Netherlands_2019	A-D	Netherlands	2019	MZ515634
ON237266_Argentina_2015	A-D	Argentina	2015	ON237266
MZ516077_Netherlands_2017	A-D	Netherlands	2017	MZ516077
ON237270_Argentina_2015	A-D	Argentina	2015	ON237270
EPI-ISL-6494815_England_2016	A-D	England	2016	EPI-ISL-6494815
EPI-ISL-6495009_England_2014	A-D	England	2014	EPI-ISL-6495009
MF614946_China_2012	A-D	China	2012	MF614946
ON237246_Argentina_2015	A-D	Argentina	2015	ON237246
ON237259_Argentina_2015	A-D	Argentina	2015	ON237259
ON237306_Argentina_2017	A-D	Argentina	2017	ON237306
ON237332_Argentina_2017	A-D	Argentina	2017	ON237332
ON237244_Argentina_2014	A-D	Argentina	2014	ON237244
ON237230_Argentina_2014	A-D	Argentina	2014	ON237230
EPI-ISL-15120666_Morocco_2014	A-D	Morocco	2014	EPI-ISL-15120666
MK749895_Nicaragua_2016	A-D	Nicaragua	2016	MK749895
MK749909_Nicaragua_2016	A-D	Nicaragua	2016	MK749909
ON237269_Argentina_2015	A-D	Argentina	2015	ON237269
MH447955_Thailand_2014	A-D	Thailand	2014	MH447955
MH447956_Thailand_2014	A-D	Thailand	2014	MH447956
MZ515819_United-Kingdom_2018	A-D	United-Kingdom	2018	MZ515819
MZ516092_United-Kingdom_2018	A-D	United-Kingdom	2018	MZ516092
MZ515600_United-Kingdom_2018	A-D	United-Kingdom	2018	MZ515600
MZ516076_United-Kingdom_2018	A-D	United-Kingdom	2018	MZ516076
MK749884_Nicaragua_2016	A-D	Nicaragua	2016	MK749884
ON237228_Argentina_2014	A-D	Argentina	2014	ON237228
EPI-ISL-15120680_Morocco_2015	A-D	Morocco	2015	EPI-ISL-15120680
EPI-ISL-15120690_Morocco_2015	A-D	Morocco	2015	EPI-ISL-15120690
EPI-ISL-15120683_Morocco_2015	A-D	Morocco	2015	EPI-ISL-15120683
EPI-ISL-15120682_Morocco_2015	A-D	Morocco	2015	EPI-ISL-15120682
EPI-ISL-15120676_Morocco_2014	A-D	Morocco	2014	EPI-ISL-15120676
EPI-ISL-15120674_Morocco_2014	A-D	Morocco	2014	EPI-ISL-15120674
EPI-ISL-15120677_Morocco_2014	A-D	Morocco	2014	EPI-ISL-15120677
ON237254_Argentina_2015	A-D	Argentina	2015	ON237254
KJ627735_USA_2013	A-D	USA	2013	KJ627735
EPI-ISL-6494976_England_2012	A-D	England	2012	EPI-ISL-6494976
EPI-ISL-6494983_England_2013	A-D	England	2013	EPI-ISL-6494983
EPI-ISL-6494984_England_2013	A-D	England	2013	EPI-ISL-6494984
ON237232_Argentina_2014	A-D	Argentina	2014	ON237232
ON237238_Argentina_2014	A-D	Argentina	2014	ON237238
MH447953_Thailand_2013	A-D	Thailand	2013	MH447953
MH447954_Thailand_2013	A-D	Thailand	2013	MH447954
ON237268_Argentina_2015	A-D	Argentina	2015	ON237268
EPI-ISL-6494818_England_2016	A-D	England	2016	EPI-ISL-6494818
OK649682_USA_2012	A-D	USA	2012	OK649682
EPI-ISL-6494995_England_2013	A-D	England	2013	EPI-ISL-6494995
EPI-ISL-15120678_Morocco_2015	A-D	Morocco	2015	EPI-ISL-15120678
EPI-ISL-15120679_Morocco_2015	A-D	Morocco	2015	EPI-ISL-15120679
ON237220_Argentina_2014	A-D	Argentina	2014	ON237220
EPI-ISL-6494955_England_2012	A-D	England	2012	EPI-ISL-6494955
KY982516_USA_2013	A-D	USA	2013	KY982516
EPI-ISL-15120667_Morocco_2014	A-D	Morocco	2014	EPI-ISL-15120667
EPI-ISL-15120669_Morocco_2014	A-D	Morocco	2014	EPI-ISL-15120669
EPI-ISL-15120668_Morocco_2014	A-D	Morocco	2014	EPI-ISL-15120668
EPI-ISL-15120665_Morocco_2014	A-D	Morocco	2014	EPI-ISL-15120665
EPI-ISL-16960103_New-Zealand_2021	A-D	New-Zealand	2021	EPI-ISL-16960103
EPI-ISL-6495010_England_2014	A-D	England	2014	EPI-ISL-6495010
KY982517_USA_2013	A-D	USA	2013	KY982517
ON237225_Argentina_2014	A-D	Argentina	2014	ON237225
ON237235_Argentina_2014	A-D	Argentina	2014	ON237235
ON237252_Argentina_2015	A-D	Argentina	2015	ON237252
ON237256_Argentina_2015	A-D	Argentina	2015	ON237256
MH181930_Kenya_2012	A-D	Kenya	2012	MH181930
OK649684_USA_2015	A-D	USA	2015	OK649684
ON237243_Argentina_2014	A-D	Argentina	2014	ON237243
MH181922_Kenya_2012	A-D	Kenya	2012	MH181922
MH181931_Kenya_2012	A-D	Kenya	2012	MH181931
ON237247_Argentina_2015	A-D	Argentina	2015	ON237247
ON237250_Argentina_2015	A-D	Argentina	2015	ON237250
LR699734_United-Kingdom_2018	A-D	United-Kingdom	2018	LR699734
EPI-ISL-6494980_England_2012	A-D	England	2012	EPI-ISL-6494980
ON237231_Argentina_2014	A-D	Argentina	2014	ON237231
EPI-ISL-6494992_England_2013	A-D	England	2013	EPI-ISL-6494992
EPI-ISL-6494954_England_2012	A-D	England	2012	EPI-ISL-6494954
EPI-ISL-6494979_England_2012	A-D	England	2012	EPI-ISL-6494979
MH181924_Kenya_2012	A-D	Kenya	2012	MH181924
MF001057_USA_2015	A-D	USA	2015	MF001057
MK167035_USA_2008	A-D	USA	2008	MK167035
EPI-ISL-6495004_England_2014	A-D	England	2014	EPI-ISL-6495004
ON237219_Argentina_2014	A-D	Argentina	2014	ON237219
ON237265_Argentina_2015	A-D	Argentina	2015	ON237265
EPI-ISL-6494816_England_2016	A-D	England	2016	EPI-ISL-6494816
EPI-ISL-6494953_England_2012	A-D	England	2012	EPI-ISL-6494953
MZ516043_Netherlands_2017	A-D	Netherlands	2017	MZ516043
EPI-ISL-15004435_Morocco_2012	A-D	Morocco	2012	EPI-ISL-15004435
EPI-ISL-15004433_Morocco_2012	A-D	Morocco	2012	EPI-ISL-15004433
ON237260_Argentina_2015	A-D	Argentina	2015	ON237260
ON237261_Argentina_2015	A-D	Argentina	2015	ON237261
KY654514_Philippines_2013	A-D	Philippines	2013	KY654514
MH279547_China_2017	A-D	China	2017	MH279547
MZ221197_China_2018	A-D	China	2018	MZ221197
OQ261746_Austria_2019	A-D	Austria	2019	OQ261746
MZ515840_Netherlands_2017	A-D	Netherlands	2017	MZ515840
MZ221194_China_2018	A-D	China	2018	MZ221194
ON237277_Argentina_2016	A-D	Argentina	2016	ON237277
ON237279_Argentina_2016	A-D	Argentina	2016	ON237279
MZ221205_China_2014	A-D	China	2014	MZ221205
MH447959_Thailand_2017	A-D	Thailand	2017	MH447959
MZ221196_China_2014	A-D	China	2014	MZ221196
MZ221199_China_2018	A-D	China	2018	MZ221199
EPI-ISL-10914989_Australia_2016	A-D	Australia	2016	EPI-ISL-10914989
ON237242_Argentina_2014	A-D	Argentina	2014	ON237242
ON237222_Argentina_2014	A-D	Argentina	2014	ON237222
ON237229_Argentina_2014	A-D	Argentina	2014	ON237229
ON237223_Argentina_2014	A-D	Argentina	2014	ON237223
ON237245_Argentina_2014	A-D	Argentina	2014	ON237245
ON237258_Argentina_2015	A-D	Argentina	2015	ON237258
ON237234_Argentina_2014	A-D	Argentina	2014	ON237234
OK649683_USA_2014	A-D	USA	2014	OK649683
ON237281_Argentina_2016	A-D	Argentina	2016	ON237281
ON237291_Argentina_2016	A-D	Argentina	2016	ON237291
ON237274_Argentina_2016	A-D	Argentina	2016	ON237274
ON237280_Argentina_2016	A-D	Argentina	2016	ON237280
ON237285_Argentina_2016	A-D	Argentina	2016	ON237285
ON237278_Argentina_2016	A-D	Argentina	2016	ON237278
ON237286_Argentina_2016	A-D	Argentina	2016	ON237286
ON237275_Argentina_2016	A-D	Argentina	2016	ON237275
ON237283_Argentina_2016	A-D	Argentina	2016	ON237283
ON237284_Argentina_2016	A-D	Argentina	2016	ON237284
MH447952_Thailand_2012	A-D	Thailand	2012	MH447952
MH447951_Thailand_2011	A-D	Thailand	2011	MH447951
MF614947_China_2013	A-D	China	2013	MF614947
EPI-ISL-12970405_Philippines_2019	A-D	Philippines	2019	EPI-ISL-12970405
MH290724_China_2017	A-D	China	2017	MH290724
MZ515866_Netherlands_2018	A-D	Netherlands	2018	MZ515866
MN306050_USA_2019	A-D	USA	2019	MN306050
ON729319_USA_2019	A-D	USA	2019	ON729319
MZ515641_Netherlands_2018	A-D	Netherlands	2018	MZ515641
MZ515973_Netherlands_2017	A-D	Netherlands	2017	MZ515973
MH447960_Thailand_2017	A-D	Thailand	2017	MH447960
MH447957_Thailand_2016	A-D	Thailand	2016	MH447957
EPI-ISL-6495001_England_2013	A-D	England	2013	EPI-ISL-6495001
ON237264_Argentina_2015	A-D	Argentina	2015	ON237264
MN630090_USA_2016	A-D	USA	2016	MN630090
MN630096_USA_2016	A-D	USA	2016	MN630096
MN630106_USA_2016	A-D	USA	2016	MN630106
MN630104_USA_2016	A-D	USA	2016	MN630104
KY654515_Philippines_2012	A-D	Philippines	2012	KY654515
KY654517_Philippines_2013	A-D	Philippines	2013	KY654517
KY654512_Philippines_2012	A-D	Philippines	2012	KY654512
KY654513_Philippines_2013	A-D	Philippines	2013	KY654513
KY654518_Philippines_2013	A-D	Philippines	2013	KY654518
EPI-ISL-6494792_England_2014	A-D	England	2014	EPI-ISL-6494792
MW020598_Australia_2017	A-D	Australia	2017	MW020598
MW020599_Australia_2017	A-D	Australia	2017	MW020599
EPI-ISL-12970415_Philippines_2019	A-D	Philippines	2019	EPI-ISL-12970415
MW020596_Australia_2018	A-D	Australia	2018	MW020596
MW020597_Australia_2018	A-D	Australia	2018	MW020597
EPI-ISL-15120776_Morocco_2017	A-D	Morocco	2017	EPI-ISL-15120776
EPI-ISL-16905448_Morocco_2016	A-D	Morocco	2016	EPI-ISL-16905448
EPI-ISL-15120719_Morocco_2016	A-D	Morocco	2016	EPI-ISL-15120719
EPI-ISL-15120726_Morocco_2016	A-D	Morocco	2016	EPI-ISL-15120726
MZ515718_Netherlands_2019	A-D	Netherlands	2019	MZ515718
MZ515913_Netherlands_2019	A-D	Netherlands	2019	MZ515913
MZ515800_United-Kingdom_2018	A-D	United-Kingdom	2018	MZ515800
MZ515802_United-Kingdom_2019	A-D	United-Kingdom	2019	MZ515802
MH181933_Kenya_2012	A-D	Kenya	2012	MH181933
MH181938_Kenya_2012	A-D	Kenya	2012	MH181938
MH181956_Kenya_2012	A-D	Kenya	2012	MH181956
MH181974_Kenya_2012	A-D	Kenya	2012	MH181974
MH182025_Kenya_2014	A-D	Kenya	2014	MH182025
MH181934_Kenya_2012	A-D	Kenya	2012	MH181934
MH181982_Kenya_2013	A-D	Kenya	2013	MH181982
MH181972_Kenya_2012	A-D	Kenya	2012	MH181972
MH181960_Kenya_2012	A-D	Kenya	2012	MH181960
MH181977_Kenya_2012	A-D	Kenya	2012	MH181977
MH181949_Kenya_2012	A-D	Kenya	2012	MH181949
MH181987_Kenya_2013	A-D	Kenya	2013	MH181987
MH181911_Kenya_2012	A-D	Kenya	2012	MH181911
MH181976_Kenya_2012	A-D	Kenya	2012	MH181976
MH181914_Kenya_2012	A-D	Kenya	2012	MH181914
EPI-ISL-6494958_England_2012	A-D	England	2012	EPI-ISL-6494958
EPI-ISL-6494970_England_2012	A-D	England	2012	EPI-ISL-6494970
EPI-ISL-6494971_England_2012	A-D	England	2012	EPI-ISL-6494971
EPI-ISL-6494997_England_2013	A-D	England	2013	EPI-ISL-6494997
KY654516_Philippines_2013	A-D	Philippines	2013	KY654516
EPI-ISL-15120675_Morocco_2014	A-D	Morocco	2014	EPI-ISL-15120675
MH181958_Kenya_2012	A-D	Kenya	2012	MH181958
MH181980_Kenya_2013	A-D	Kenya	2013	MH181980
MH181984_Kenya_2013	A-D	Kenya	2013	MH181984
MH181969_Kenya_2012	A-D	Kenya	2012	MH181969
MH181935_Kenya_2012	A-D	Kenya	2012	MH181935
MH181967_Kenya_2012	A-D	Kenya	2012	MH181967
MH181951_Kenya_2012	A-D	Kenya	2012	MH181951
MH181952_Kenya_2012	A-D	Kenya	2012	MH181952
MH181979_Kenya_2013	A-D	Kenya	2013	MH181979
MH181941_Kenya_2012	A-D	Kenya	2012	MH181941
MH181986_Kenya_2013	A-D	Kenya	2013	MH181986
MH181983_Kenya_2013	A-D	Kenya	2013	MH181983
MH181978_Kenya_2013	A-D	Kenya	2013	MH181978
MH181926_Kenya_2012	A-D	Kenya	2012	MH181926
MH181932_Kenya_2012	A-D	Kenya	2012	MH181932
MH181916_Kenya_2012	A-D	Kenya	2012	MH181916
MH181966_Kenya_2012	A-D	Kenya	2012	MH181966
MH181973_Kenya_2012	A-D	Kenya	2012	MH181973
MH181963_Kenya_2012	A-D	Kenya	2012	MH181963
MH181927_Kenya_2012	A-D	Kenya	2012	MH181927
MH181959_Kenya_2012	A-D	Kenya	2012	MH181959
MH181981_Kenya_2013	A-D	Kenya	2013	MH181981
MH181985_Kenya_2013	A-D	Kenya	2013	MH181985
MH181954_Kenya_2012	A-D	Kenya	2012	MH181954
MH181936_Kenya_2012	A-D	Kenya	2012	MH181936
MH181945_Kenya_2012	A-D	Kenya	2012	MH181945
MH181950_Kenya_2012	A-D	Kenya	2012	MH181950
MH181943_Kenya_2012	A-D	Kenya	2012	MH181943
MH181946_Kenya_2012	A-D	Kenya	2012	MH181946
MH181929_Kenya_2012	A-D	Kenya	2012	MH181929
MH181940_Kenya_2012	A-D	Kenya	2012	MH181940
MH181915_Kenya_2012	A-D	Kenya	2012	MH181915
MH181920_Kenya_2012	A-D	Kenya	2012	MH181920
MH181908_Kenya_2012	A-D	Kenya	2012	MH181908
MH181937_Kenya_2012	A-D	Kenya	2012	MH181937
MH181955_Kenya_2012	A-D	Kenya	2012	MH181955
MH181970_Kenya_2012	A-D	Kenya	2012	MH181970
MH181971_Kenya_2012	A-D	Kenya	2012	MH181971
MH181964_Kenya_2012	A-D	Kenya	2012	MH181964
MH181957_Kenya_2012	A-D	Kenya	2012	MH181957
MH181939_Kenya_2012	A-D	Kenya	2012	MH181939
MH181947_Kenya_2012	A-D	Kenya	2012	MH181947
MH181961_Kenya_2012	A-D	Kenya	2012	MH181961
MH181953_Kenya_2012	A-D	Kenya	2012	MH181953
MH181965_Kenya_2012	A-D	Kenya	2012	MH181965
MH181948_Kenya_2012	A-D	Kenya	2012	MH181948
MH181962_Kenya_2012	A-D	Kenya	2012	MH181962
MH181975_Kenya_2012	A-D	Kenya	2012	MH181975
MH181919_Kenya_2012	A-D	Kenya	2012	MH181919
MH181913_Kenya_2012	A-D	Kenya	2012	MH181913
MH181917_Kenya_2012	A-D	Kenya	2012	MH181917
MH181910_Kenya_2012	A-D	Kenya	2012	MH181910
MH181925_Kenya_2012	A-D	Kenya	2012	MH181925
MH181909_Kenya_2012	A-D	Kenya	2012	MH181909
MH181912_Kenya_2012	A-D	Kenya	2012	MH181912
MH181921_Kenya_2012	A-D	Kenya	2012	MH181921
MH181918_Kenya_2012	A-D	Kenya	2012	MH181918
MZ515777_Spain_2019	A-D.1	Spain	2019	MZ515777
MZ221198_China_2018	A-D.1	China	2018	MZ221198
MZ515963_Spain_2019	A-D.1	Spain	2019	MZ515963
OQ261747_Austria_2020	A-D.1	Austria	2020	OQ261747
MZ515597_United-Kingdom_2019	A-D.1	United-Kingdom	2019	MZ515597
MZ516090_Netherlands_2019	A-D.1	Netherlands	2019	MZ516090
MZ515628_Netherlands_2019	A-D.1	Netherlands	2019	MZ515628
MZ516024_Netherlands_2019	A-D.1	Netherlands	2019	MZ516024
MZ515649_Netherlands_2019	A-D.1	Netherlands	2019	MZ515649
MZ515744_Netherlands_2019	A-D.1	Netherlands	2019	MZ515744
MZ515931_Netherlands_2019	A-D.1	Netherlands	2019	MZ515931
MZ515971_Netherlands_2019	A-D.1	Netherlands	2019	MZ515971
MZ515790_Netherlands_2019	A-D.1	Netherlands	2019	MZ515790
MZ515789_Netherlands_2018	A-D.1	Netherlands	2018	MZ515789
MZ516058_Netherlands_2017	A-D.1	Netherlands	2017	MZ516058
ON237343_Argentina_2017	A-D.1	Argentina	2017	ON237343
ON237349_Argentina_2017	A-D.1	Argentina	2017	ON237349
ON237358_Argentina_2017	A-D.1	Argentina	2017	ON237358
MZ515573_United-Kingdom_2020	A-D.1	United-Kingdom	2020	MZ515573
ON237314_Argentina_2017	A-D.1	Argentina	2017	ON237314
EPI-ISL-15055312_Argentina_2018	A-D.1	Argentina	2018	EPI-ISL-15055312
MZ516008_United-Kingdom_2018	A-D.1	United-Kingdom	2018	MZ516008
MZ515945_Netherlands_2018	A-D.1	Netherlands	2018	MZ515945
ON237313_Argentina_2017	A-D.1	Argentina	2017	ON237313
ON237350_Argentina_2017	A-D.1	Argentina	2017	ON237350
ON237344_Argentina_2017	A-D.1	Argentina	2017	ON237344
ON237351_Argentina_2017	A-D.1	Argentina	2017	ON237351
ON237316_Argentina_2017	A-D.1	Argentina	2017	ON237316
MZ515689_United-Kingdom_2018	A-D.1	United-Kingdom	2018	MZ515689
MZ515969_United-Kingdom_2019	A-D.1	United-Kingdom	2019	MZ515969
MZ515929_United-Kingdom_2018	A-D.1	United-Kingdom	2018	MZ515929
MZ515847_United-Kingdom_2018	A-D.1	United-Kingdom	2018	MZ515847
MZ515966_United-Kingdom_2018	A-D.1	United-Kingdom	2018	MZ515966
MZ515585_Spain_2018	A-D.1	Spain	2018	MZ515585
MZ515984_Spain_2019	A-D.1	Spain	2019	MZ515984
MZ516031_Spain_2019	A-D.1	Spain	2019	MZ516031
MZ515583_Spain_2019	A-D.1	Spain	2019	MZ515583
MZ515860_Spain_2019	A-D.1	Spain	2019	MZ515860
MZ516033_Spain_2020	A-D.1	Spain	2020	MZ516033
MZ515640_Spain_2019	A-D.1	Spain	2019	MZ515640
MZ516011_Spain_2020	A-D.1	Spain	2020	MZ516011
EPI-ISL-15055322_Argentina_2019	A-D.1	Argentina	2019	EPI-ISL-15055322
EPI-ISL-16132376_USA_2022	A-D.1	USA	2022	EPI-ISL-16132376
MZ151854_Russia_2020	A-D.1	Russia	2020	MZ151854
EPI-ISL-16132369_USA_2022	A-D.1	USA	2022	EPI-ISL-16132369
EPI-ISL-16132345_USA_2022	A-D.1	USA	2022	EPI-ISL-16132345
EPI-ISL-16681323_USA_2022	A-D.1	USA	2022	EPI-ISL-16681323
EPI-ISL-16839033_Scotland_2022	A-D.1	Scotland	2022	EPI-ISL-16839033
EPI-ISL-15896155_Australia_2022	A-D.1	Australia	2022	EPI-ISL-15896155
EPI-ISL-16839037_Scotland_2022	A-D.1	Scotland	2022	EPI-ISL-16839037
MZ515706_Spain_2020	A-D.1	Spain	2020	MZ515706
MZ515652_United-Kingdom_2018	A-D.1	United-Kingdom	2018	MZ515652
MZ515685_United-Kingdom_2018	A-D.1	United-Kingdom	2018	MZ515685
MZ515992_United-Kingdom_2018	A-D.1	United-Kingdom	2018	MZ515992
MZ515755_United-Kingdom_2018	A-D.1	United-Kingdom	2018	MZ515755
MZ515848_United-Kingdom_2018	A-D.1	United-Kingdom	2018	MZ515848
MZ515951_United-Kingdom_2018	A-D.1	United-Kingdom	2018	MZ515951
EPI-ISL-15055326_Argentina_2021	A-D.1	Argentina	2021	EPI-ISL-15055326
MZ516029_United-Kingdom_2019	A-D.1	United-Kingdom	2019	MZ516029
EPI-ISL-15055316_Argentina_2019	A-D.1	Argentina	2019	EPI-ISL-15055316
EPI-ISL-16839034_Scotland_2022	A-D.1	Scotland	2022	EPI-ISL-16839034
KY967363_USA_2015	A-D.1	USA	2015	KY967363
MZ515834_United-Kingdom_2019	A-D.1	United-Kingdom	2019	MZ515834
MZ516073_United-Kingdom_2019	A-D.1	United-Kingdom	2019	MZ516073
MZ515864_United-Kingdom_2019	A-D.1	United-Kingdom	2019	MZ515864
MZ516137_United-Kingdom_2019	A-D.1	United-Kingdom	2019	MZ516137
MZ515717_Netherlands_2019	A-D.1	Netherlands	2019	MZ515717
MZ515941_Spain_2019	A-D.1	Spain	2019	MZ515941
MZ515688_Spain_2019	A-D.1	Spain	2019	MZ515688
MZ515961_Spain_2020	A-D.1	Spain	2020	MZ515961
MZ516120_Spain_2019	A-D.1	Spain	2019	MZ516120
MZ515773_Spain_2020	A-D.1	Spain	2020	MZ515773
MZ515570_Spain_2019	A-D.1	Spain	2019	MZ515570
MZ516047_Spain_2019	A-D.1	Spain	2019	MZ516047
EPI-ISL-16681337_USA_2022	A-D.1	USA	2022	EPI-ISL-16681337
EPI-ISL-16132360_USA_2022	A-D.1	USA	2022	EPI-ISL-16132360
EPI-ISL-16132341_USA_2022	A-D.1	USA	2022	EPI-ISL-16132341
OQ171909_USA_2022	A-D.1	USA	2022	OQ171909
MZ515803_Netherlands_2019	A-D.1	Netherlands	2019	MZ515803
MZ516068_Netherlands_2019	A-D.1	Netherlands	2019	MZ516068
MZ515811_United-Kingdom_2018	A-D.1	United-Kingdom	2018	MZ515811
LR699736_United-Kingdom_2018	A-D.1	United-Kingdom	2018	LR699736
EPI-ISL-15120782_Morocco_2018	A-D.1	Morocco	2018	EPI-ISL-15120782
EPI-ISL-16681271_USA_2022	A-D.1	USA	2022	EPI-ISL-16681271
EPI-ISL-16681309_USA_2022	A-D.1	USA	2022	EPI-ISL-16681309
OQ171919_USA_2022	A-D.1	USA	2022	OQ171919
EPI-ISL-15055310_Argentina_2018	A-D.1	Argentina	2018	EPI-ISL-15055310
EPI-ISL-15055314_Argentina_2018	A-D.1	Argentina	2018	EPI-ISL-15055314
MZ516002_Spain_2019	A-D.1	Spain	2019	MZ516002
MZ515645_United-Kingdom_2019	A-D.1	United-Kingdom	2019	MZ515645
MZ516040_United-Kingdom_2019	A-D.1	United-Kingdom	2019	MZ516040
OQ261751_Austria_2022	A-D.1	Austria	2022	OQ261751
EPI-ISL-11055746_South-Africa_2021	A-D.1	South-Africa	2021	EPI-ISL-11055746
EPI-ISL-11055759_South-Africa_2021	A-D.1	South-Africa	2021	EPI-ISL-11055759
EPI-ISL-17089183_USA_2020	A-D.1	USA	2020	EPI-ISL-17089183
MZ515784_United-Kingdom_2019	A-D.1	United-Kingdom	2019	MZ515784
MZ515907_United-Kingdom_2019	A-D.1	United-Kingdom	2019	MZ515907
MZ515631_Netherlands_2019	A-D.1	Netherlands	2019	MZ515631
MZ515571_United-Kingdom_2020	A-D.1	United-Kingdom	2020	MZ515571
MZ515614_United-Kingdom_2020	A-D.1	United-Kingdom	2020	MZ515614
MZ516000_United-Kingdom_2019	A-D.1	United-Kingdom	2019	MZ516000
MZ515911_United-Kingdom_2019	A-D.1	United-Kingdom	2019	MZ515911
EPI-ISL-11817069_Australia_2021	A-D.1.1	Australia	2021	EPI-ISL-11817069
EPI-ISL-11817076_Australia_2021	A-D.1.1	Australia	2021	EPI-ISL-11817076
EPI-ISL-15774070_Australia_2021	A-D.1.1	Australia	2021	EPI-ISL-15774070
EPI-ISL-11817046_Australia_2021	A-D.1.1	Australia	2021	EPI-ISL-11817046
EPI-ISL-15774054_Australia_2021	A-D.1.1	Australia	2021	EPI-ISL-15774054
EPI-ISL-15774065_Australia_2021	A-D.1.1	Australia	2021	EPI-ISL-15774065
EPI-ISL-11817075_Australia_2021	A-D.1.1	Australia	2021	EPI-ISL-11817075
EPI-ISL-15774024_Australia_2021	A-D.1.1	Australia	2021	EPI-ISL-15774024
EPI-ISL-15774062_Australia_2021	A-D.1.1	Australia	2021	EPI-ISL-15774062
EPI-ISL-11817083_Australia_2021	A-D.1.1	Australia	2021	EPI-ISL-11817083
EPI-ISL-11817036_Australia_2021	A-D.1.1	Australia	2021	EPI-ISL-11817036
EPI-ISL-15774067_Australia_2021	A-D.1.1	Australia	2021	EPI-ISL-15774067
EPI-ISL-11817025_Australia_2021	A-D.1.1	Australia	2021	EPI-ISL-11817025
EPI-ISL-15774066_Australia_2021	A-D.1.1	Australia	2021	EPI-ISL-15774066
EPI-ISL-15774023_Australia_2021	A-D.1.1	Australia	2021	EPI-ISL-15774023
EPI-ISL-11817023_Australia_2021	A-D.1.1	Australia	2021	EPI-ISL-11817023
EPI-ISL-11817026_Australia_2021	A-D.1.1	Australia	2021	EPI-ISL-11817026
EPI-ISL-15774043_Australia_2021	A-D.1.1	Australia	2021	EPI-ISL-15774043
EPI-ISL-11817092_Australia_2021	A-D.1.1	Australia	2021	EPI-ISL-11817092
EPI-ISL-11817053_Australia_2021	A-D.1.1	Australia	2021	EPI-ISL-11817053
EPI-ISL-11817039_Australia_2021	A-D.1.1	Australia	2021	EPI-ISL-11817039
EPI-ISL-11817061_Australia_2021	A-D.1.1	Australia	2021	EPI-ISL-11817061
EPI-ISL-15774068_Australia_2021	A-D.1.1	Australia	2021	EPI-ISL-15774068
EPI-ISL-15774017_Australia_2021	A-D.1.1	Australia	2021	EPI-ISL-15774017
EPI-ISL-11817072_Australia_2021	A-D.1.1	Australia	2021	EPI-ISL-11817072
EPI-ISL-15774021_Australia_2021	A-D.1.1	Australia	2021	EPI-ISL-15774021
EPI-ISL-11817043_Australia_2021	A-D.1.1	Australia	2021	EPI-ISL-11817043
EPI-ISL-11817065_Australia_2021	A-D.1.1	Australia	2021	EPI-ISL-11817065
EPI-ISL-11817021_Australia_2021	A-D.1.1	Australia	2021	EPI-ISL-11817021
EPI-ISL-11817078_Australia_2021	A-D.1.1	Australia	2021	EPI-ISL-11817078
EPI-ISL-11817041_Australia_2021	A-D.1.1	Australia	2021	EPI-ISL-11817041
EPI-ISL-15774031_Australia_2021	A-D.1.1	Australia	2021	EPI-ISL-15774031
EPI-ISL-15774056_Australia_2021	A-D.1.2	Australia	2021	EPI-ISL-15774056
OM857171_Australia_2020	A-D.1.2	Australia	2020	OM857171
OM857156_Australia_2020	A-D.1.2	Australia	2020	OM857156
OM857174_Australia_2020	A-D.1.2	Australia	2020	OM857174
OM857164_Australia_2020	A-D.1.2	Australia	2020	OM857164
OM857177_Australia_2021	A-D.1.2	Australia	2021	OM857177
OM857176_Australia_2020	A-D.1.2	Australia	2020	OM857176
OM857189_Australia_2021	A-D.1.2	Australia	2021	OM857189
OM857188_Australia_2021	A-D.1.2	Australia	2021	OM857188
OM857155_Australia_2020	A-D.1.2	Australia	2020	OM857155
OM857157_Australia_2020	A-D.1.2	Australia	2020	OM857157
OM857175_Australia_2021	A-D.1.2	Australia	2021	OM857175
OM857140_Australia_2021	A-D.1.2	Australia	2021	OM857140
OM857150_Australia_2020	A-D.1.2	Australia	2020	OM857150
OM857170_Australia_2020	A-D.1.2	Australia	2020	OM857170
OM857152_Australia_2020	A-D.1.2	Australia	2020	OM857152
OM857151_Australia_2020	A-D.1.2	Australia	2020	OM857151
OM857168_Australia_2020	A-D.1.2	Australia	2020	OM857168
EPI-ISL-15774063_Australia_2021	A-D.1.2	Australia	2021	EPI-ISL-15774063
OM857160_Australia_2020	A-D.1.2	Australia	2020	OM857160
OM857162_Australia_2020	A-D.1.2	Australia	2020	OM857162
OM857158_Australia_2020	A-D.1.2	Australia	2020	OM857158
OM857159_Australia_2020	A-D.1.2	Australia	2020	OM857159
OM857180_Australia_2020	A-D.1.2	Australia	2020	OM857180
OM857172_Australia_2020	A-D.1.2	Australia	2020	OM857172
OM857197_Australia_2021	A-D.1.2	Australia	2021	OM857197
OM857200_Australia_2020	A-D.1.2	Australia	2020	OM857200
OM857195_Australia_2021	A-D.1.2	Australia	2021	OM857195
EPI-ISL-11055741_South-Africa_2021	A-D.1.3	South-Africa	2021	EPI-ISL-11055741
EPI-ISL-11055762_South-Africa_2021	A-D.1.3	South-Africa	2021	EPI-ISL-11055762
EPI-ISL-11055744_South-Africa_2021	A-D.1.3	South-Africa	2021	EPI-ISL-11055744
EPI-ISL-12529648_South-Africa_2021	A-D.1.3	South-Africa	2021	EPI-ISL-12529648
EPI-ISL-11055756_South-Africa_2021	A-D.1.3	South-Africa	2021	EPI-ISL-11055756
EPI-ISL-11055740_South-Africa_2021	A-D.1.3	South-Africa	2021	EPI-ISL-11055740
EPI-ISL-15774039_Australia_2021	A-D.1.3	Australia	2021	EPI-ISL-15774039
EPI-ISL-11817071_Australia_2021	A-D.1.3	Australia	2021	EPI-ISL-11817071
EPI-ISL-16959973_New-Zealand_2021	A-D.1.3	New-Zealand	2021	EPI-ISL-16959973
EPI-ISL-15774012_Australia_2021	A-D.1.3	Australia	2021	EPI-ISL-15774012
EPI-ISL-11817019_Australia_2021	A-D.1.3	Australia	2021	EPI-ISL-11817019
EPI-ISL-15774053_Australia_2021	A-D.1.3	Australia	2021	EPI-ISL-15774053
EPI-ISL-15774030_Australia_2021	A-D.1.3	Australia	2021	EPI-ISL-15774030
EPI-ISL-15774032_Australia_2021	A-D.1.3	Australia	2021	EPI-ISL-15774032
EPI-ISL-15774035_Australia_2021	A-D.1.3	Australia	2021	EPI-ISL-15774035
EPI-ISL-15774059_Australia_2021	A-D.1.3	Australia	2021	EPI-ISL-15774059
EPI-ISL-15774026_Australia_2021	A-D.1.3	Australia	2021	EPI-ISL-15774026
EPI-ISL-16959673_New-Zealand_2021	A-D.1.3.1	New-Zealand	2021	EPI-ISL-16959673
EPI-ISL-16959685_New-Zealand_2021	A-D.1.3.1	New-Zealand	2021	EPI-ISL-16959685
EPI-ISL-16959679_New-Zealand_2021	A-D.1.3.1	New-Zealand	2021	EPI-ISL-16959679
EPI-ISL-16959608_New-Zealand_2021	A-D.1.3.1	New-Zealand	2021	EPI-ISL-16959608
EPI-ISL-16959681_New-Zealand_2021	A-D.1.3.1	New-Zealand	2021	EPI-ISL-16959681
EPI-ISL-16959598_New-Zealand_2021	A-D.1.3.1	New-Zealand	2021	EPI-ISL-16959598
EPI-ISL-16959619_New-Zealand_2021	A-D.1.3.1	New-Zealand	2021	EPI-ISL-16959619
EPI-ISL-16959711_New-Zealand_2021	A-D.1.3.1	New-Zealand	2021	EPI-ISL-16959711
EPI-ISL-16959668_New-Zealand_2021	A-D.1.3.1	New-Zealand	2021	EPI-ISL-16959668
EPI-ISL-16959680_New-Zealand_2021	A-D.1.3.1	New-Zealand	2021	EPI-ISL-16959680
EPI-ISL-16960070_New-Zealand_2021	A-D.1.3.1	New-Zealand	2021	EPI-ISL-16960070
EPI-ISL-16959782_New-Zealand_2021	A-D.1.3.1	New-Zealand	2021	EPI-ISL-16959782
EPI-ISL-16960071_New-Zealand_2021	A-D.1.3.1	New-Zealand	2021	EPI-ISL-16960071
EPI-ISL-16959564_New-Zealand_2021	A-D.1.3.1	New-Zealand	2021	EPI-ISL-16959564
EPI-ISL-16959625_New-Zealand_2021	A-D.1.3.1	New-Zealand	2021	EPI-ISL-16959625
EPI-ISL-16959670_New-Zealand_2021	A-D.1.3.1	New-Zealand	2021	EPI-ISL-16959670
EPI-ISL-16960013_New-Zealand_2021	A-D.1.3.1	New-Zealand	2021	EPI-ISL-16960013
EPI-ISL-16959725_New-Zealand_2021	A-D.1.3.1	New-Zealand	2021	EPI-ISL-16959725
EPI-ISL-16959533_New-Zealand_2021	A-D.1.3.1	New-Zealand	2021	EPI-ISL-16959533
OM857301_Australia_2020	A-D.1.3.1	Australia	2020	OM857301
OM857303_Australia_2020	A-D.1.3.1	Australia	2020	OM857303
EPI-ISL-11817051_Australia_2021	A-D.1.3.1	Australia	2021	EPI-ISL-11817051
EPI-ISL-15774045_Australia_2021	A-D.1.3.1	Australia	2021	EPI-ISL-15774045
OM857334_Australia_2020	A-D.1.3.1	Australia	2020	OM857334
OM857299_Australia_2020	A-D.1.3.1	Australia	2020	OM857299
OM857315_Australia_2020	A-D.1.3.1	Australia	2020	OM857315
EPI-ISL-15774046_Australia_2021	A-D.1.3.1	Australia	2021	EPI-ISL-15774046
EPI-ISL-11817107_Australia_2021	A-D.1.3.1	Australia	2021	EPI-ISL-11817107
OM857325_Australia_2020	A-D.1.3.1	Australia	2020	OM857325
OM857298_Australia_2020	A-D.1.3.1	Australia	2020	OM857298
OM857302_Australia_2020	A-D.1.3.1	Australia	2020	OM857302
OM857304_Australia_2020	A-D.1.3.1	Australia	2020	OM857304
EPI-ISL-11817094_Australia_2021	A-D.1.3.1	Australia	2021	EPI-ISL-11817094
EPI-ISL-11817102_Australia_2021	A-D.1.3.1	Australia	2021	EPI-ISL-11817102
EPI-ISL-16959676_New-Zealand_2021	A-D.1.3.1	New-Zealand	2021	EPI-ISL-16959676
EPI-ISL-16959607_New-Zealand_2021	A-D.1.3.1	New-Zealand	2021	EPI-ISL-16959607
EPI-ISL-16960026_New-Zealand_2021	A-D.1.3.1	New-Zealand	2021	EPI-ISL-16960026
EPI-ISL-16960010_New-Zealand_2021	A-D.1.3.1	New-Zealand	2021	EPI-ISL-16960010
EPI-ISL-11817090_Australia_2021	A-D.1.3.1	Australia	2021	EPI-ISL-11817090
OM857332_Australia_2020	A-D.1.3.1	Australia	2020	OM857332
OM857342_Australia_2021	A-D.1.3.1	Australia	2021	OM857342
EPI-ISL-11817104_Australia_2021	A-D.1.3.1	Australia	2021	EPI-ISL-11817104
EPI-ISL-11817108_Australia_2021	A-D.1.3.1	Australia	2021	EPI-ISL-11817108
OM857338_Australia_2021	A-D.1.3.1	Australia	2021	OM857338
OM857340_Australia_2021	A-D.1.3.1	Australia	2021	OM857340
OM857336_Australia_2021	A-D.1.3.1	Australia	2021	OM857336
EPI-ISL-11817105_Australia_2021	A-D.1.3.1	Australia	2021	EPI-ISL-11817105
OM857331_Australia_2020	A-D.1.3.1	Australia	2020	OM857331
EPI-ISL-11817103_Australia_2021	A-D.1.3.1	Australia	2021	EPI-ISL-11817103
OM857330_Australia_2020	A-D.1.3.1	Australia	2020	OM857330
OM857335_Australia_2020	A-D.1.3.1	Australia	2020	OM857335
EPI-ISL-11817106_Australia_2021	A-D.1.3.1	Australia	2021	EPI-ISL-11817106
EPI-ISL-11817095_Australia_2021	A-D.1.3.1	Australia	2021	EPI-ISL-11817095
OM857341_Australia_2021	A-D.1.3.1	Australia	2021	OM857341
OM857337_Australia_2021	A-D.1.3.1	Australia	2021	OM857337
OM857326_Australia_2020	A-D.1.3.1	Australia	2020	OM857326
EPI-ISL-17066821_Australia_2022	A-D.1.3.1	Australia	2022	EPI-ISL-17066821
EPI-ISL-16714810_Australia_2022	A-D.1.3.1	Australia	2022	EPI-ISL-16714810
EPI-ISL-15896186_Australia_2022	A-D.1.3.1	Australia	2022	EPI-ISL-15896186
EPI-ISL-16714760_Australia_2022	A-D.1.3.1	Australia	2022	EPI-ISL-16714760
EPI-ISL-15896202_Australia_2022	A-D.1.3.1	Australia	2022	EPI-ISL-15896202
EPI-ISL-16714803_Australia_2022	A-D.1.3.1	Australia	2022	EPI-ISL-16714803
EPI-ISL-15896160_Australia_2022	A-D.1.3.1	Australia	2022	EPI-ISL-15896160
EPI-ISL-15896139_Australia_2022	A-D.1.3.1	Australia	2022	EPI-ISL-15896139
EPI-ISL-15896141_Australia_2022	A-D.1.3.1	Australia	2022	EPI-ISL-15896141
EPI-ISL-17066784_Australia_2022	A-D.1.3.1	Australia	2022	EPI-ISL-17066784
EPI-ISL-17066813_Australia_2022	A-D.1.3.1	Australia	2022	EPI-ISL-17066813
EPI-ISL-17066795_Australia_2022	A-D.1.3.1	Australia	2022	EPI-ISL-17066795
EPI-ISL-17066817_Australia_2022	A-D.1.3.1	Australia	2022	EPI-ISL-17066817
EPI-ISL-15896213_Australia_2022	A-D.1.3.1	Australia	2022	EPI-ISL-15896213
EPI-ISL-15896172_Australia_2022	A-D.1.3.1	Australia	2022	EPI-ISL-15896172
EPI-ISL-11817045_Australia_2021	A-D.1.3.1	Australia	2021	EPI-ISL-11817045
EPI-ISL-11817038_Australia_2021	A-D.1.3.1	Australia	2021	EPI-ISL-11817038
EPI-ISL-11817080_Australia_2021	A-D.1.3.1	Australia	2021	EPI-ISL-11817080
EPI-ISL-15774050_Australia_2021	A-D.1.3.1	Australia	2021	EPI-ISL-15774050
EPI-ISL-11817082_Australia_2021	A-D.1.3.1	Australia	2021	EPI-ISL-11817082
OM857333_Australia_2020	A-D.1.3.1	Australia	2020	OM857333
EPI-ISL-16959918_New-Zealand_2021	A-D.1.3.1	New-Zealand	2021	EPI-ISL-16959918
OM857295_Australia_2020	A-D.1.3.1	Australia	2020	OM857295
OM857297_Australia_2020	A-D.1.3.1	Australia	2020	OM857297
OM857296_Australia_2020	A-D.1.3.1	Australia	2020	OM857296
OM857323_Australia_2020	A-D.1.3.1	Australia	2020	OM857323
OM857322_Australia_2020	A-D.1.3.1	Australia	2020	OM857322
EPI-ISL-11817027_Australia_2021	A-D.1.3.1	Australia	2021	EPI-ISL-11817027
OM857313_Australia_2020	A-D.1.3.1	Australia	2020	OM857313
EPI-ISL-16960118_New-Zealand_2021	A-D.1.3.1	New-Zealand	2021	EPI-ISL-16960118
EPI-ISL-16960130_New-Zealand_2021	A-D.1.3.1	New-Zealand	2021	EPI-ISL-16960130
EPI-ISL-16960005_New-Zealand_2021	A-D.1.3.1	New-Zealand	2021	EPI-ISL-16960005
EPI-ISL-16960025_New-Zealand_2021	A-D.1.3.1	New-Zealand	2021	EPI-ISL-16960025
EPI-ISL-16960125_New-Zealand_2021	A-D.1.3.1	New-Zealand	2021	EPI-ISL-16960125
EPI-ISL-16960003_New-Zealand_2021	A-D.1.3.1	New-Zealand	2021	EPI-ISL-16960003
EPI-ISL-16960024_New-Zealand_2021	A-D.1.3.1	New-Zealand	2021	EPI-ISL-16960024
EPI-ISL-16959849_New-Zealand_2021	A-D.1.3.1	New-Zealand	2021	EPI-ISL-16959849
EPI-ISL-16959997_New-Zealand_2021	A-D.1.3.1	New-Zealand	2021	EPI-ISL-16959997
EPI-ISL-16959783_New-Zealand_2021	A-D.1.3.1	New-Zealand	2021	EPI-ISL-16959783
EPI-ISL-16959976_New-Zealand_2021	A-D.1.3.1	New-Zealand	2021	EPI-ISL-16959976
EPI-ISL-16960132_New-Zealand_2021	A-D.1.3.1	New-Zealand	2021	EPI-ISL-16960132
EPI-ISL-15774060_Australia_2021	A-D.1.3.1	Australia	2021	EPI-ISL-15774060
EPI-ISL-15774020_Australia_2021	A-D.1.3.1	Australia	2021	EPI-ISL-15774020
OM857317_Australia_2020	A-D.1.3.1	Australia	2020	OM857317
EPI-ISL-15774047_Australia_2021	A-D.1.3.1	Australia	2021	EPI-ISL-15774047
EPI-ISL-15774049_Australia_2021	A-D.1.3.1	Australia	2021	EPI-ISL-15774049
OM857318_Australia_2020	A-D.1.3.1	Australia	2020	OM857318
EPI-ISL-15774058_Australia_2021	A-D.1.3.1	Australia	2021	EPI-ISL-15774058
OM857316_Australia_2020	A-D.1.3.1	Australia	2020	OM857316
EPI-ISL-16959542_New-Zealand_2021	A-D.1.3.1	New-Zealand	2021	EPI-ISL-16959542
EPI-ISL-11817097_Australia_2021	A-D.1.3.1	Australia	2021	EPI-ISL-11817097
OM857359_Australia_2020	A-D.1.3.1	Australia	2020	OM857359
OM857319_Australia_2020	A-D.1.3.1	Australia	2020	OM857319
OM857320_Australia_2020	A-D.1.3.1	Australia	2020	OM857320
OM857321_Australia_2020	A-D.1.3.1	Australia	2020	OM857321
OM857309_Australia_2020	A-D.1.3.1	Australia	2020	OM857309
OM857312_Australia_2020	A-D.1.3.1	Australia	2020	OM857312
OM857324_Australia_2020	A-D.1.3.1	Australia	2020	OM857324
OM857311_Australia_2020	A-D.1.3.1	Australia	2020	OM857311
OM857344_Australia_2020	A-D.1.3.1	Australia	2020	OM857344
OM857345_Australia_2021	A-D.1.3.1	Australia	2021	OM857345
OM857307_Australia_2020	A-D.1.3.1	Australia	2020	OM857307
OM857294_Australia_2020	A-D.1.3.1	Australia	2020	OM857294
OM857362_Australia_2020	A-D.1.3.1	Australia	2020	OM857362
OM857306_Australia_2020	A-D.1.3.1	Australia	2020	OM857306
OM857347_Australia_2021	A-D.1.3.1	Australia	2021	OM857347
OM857346_Australia_2021	A-D.1.3.1	Australia	2021	OM857346
EPI-ISL-11817066_Australia_2021	A-D.1.3.1	Australia	2021	EPI-ISL-11817066
OM857308_Australia_2020	A-D.1.3.1	Australia	2020	OM857308
OM857343_Australia_2020	A-D.1.3.1	Australia	2020	OM857343
EPI-ISL-16959522_New-Zealand_2021	A-D.1.3.1	New-Zealand	2021	EPI-ISL-16959522
EPI-ISL-16959979_New-Zealand_2021	A-D.1.3.1	New-Zealand	2021	EPI-ISL-16959979
EPI-ISL-16959960_New-Zealand_2021	A-D.1.3.1	New-Zealand	2021	EPI-ISL-16959960
EPI-ISL-16959980_New-Zealand_2021	A-D.1.3.1	New-Zealand	2021	EPI-ISL-16959980
EPI-ISL-16959999_New-Zealand_2021	A-D.1.3.1	New-Zealand	2021	EPI-ISL-16959999
EPI-ISL-16959639_New-Zealand_2021	A-D.1.3.1	New-Zealand	2021	EPI-ISL-16959639
EPI-ISL-16959978_New-Zealand_2021	A-D.1.3.1	New-Zealand	2021	EPI-ISL-16959978
EPI-ISL-16959981_New-Zealand_2021	A-D.1.3.1	New-Zealand	2021	EPI-ISL-16959981
EPI-ISL-16959972_New-Zealand_2021	A-D.1.3.1	New-Zealand	2021	EPI-ISL-16959972
EPI-ISL-16959977_New-Zealand_2021	A-D.1.3.1	New-Zealand	2021	EPI-ISL-16959977
EPI-ISL-16959961_New-Zealand_2021	A-D.1.3.1	New-Zealand	2021	EPI-ISL-16959961
EPI-ISL-16959970_New-Zealand_2021	A-D.1.3.1	New-Zealand	2021	EPI-ISL-16959970
EPI-ISL-16959514_New-Zealand_2021	A-D.1.3.1	New-Zealand	2021	EPI-ISL-16959514
EPI-ISL-16959806_New-Zealand_2021	A-D.1.3.1	New-Zealand	2021	EPI-ISL-16959806
EPI-ISL-16959638_New-Zealand_2021	A-D.1.3.1	New-Zealand	2021	EPI-ISL-16959638
EPI-ISL-16959528_New-Zealand_2021	A-D.1.3.1	New-Zealand	2021	EPI-ISL-16959528
EPI-ISL-15774015_Australia_2021	A-D.1.3.1	Australia	2021	EPI-ISL-15774015
EPI-ISL-16959712_New-Zealand_2021	A-D.1.3.1	New-Zealand	2021	EPI-ISL-16959712
EPI-ISL-16959818_New-Zealand_2021	A-D.1.3.1	New-Zealand	2021	EPI-ISL-16959818
EPI-ISL-16959856_New-Zealand_2021	A-D.1.3.1	New-Zealand	2021	EPI-ISL-16959856
EPI-ISL-16959847_New-Zealand_2021	A-D.1.3.1	New-Zealand	2021	EPI-ISL-16959847
EPI-ISL-16959695_New-Zealand_2021	A-D.1.3.1	New-Zealand	2021	EPI-ISL-16959695
EPI-ISL-16959530_New-Zealand_2021	A-D.1.3.1	New-Zealand	2021	EPI-ISL-16959530
EPI-ISL-11817049_Australia_2021	A-D.1.3.1	Australia	2021	EPI-ISL-11817049
EPI-ISL-11817086_Australia_2021	A-D.1.3.1	Australia	2021	EPI-ISL-11817086
EPI-ISL-15774013_Australia_2021	A-D.1.3.1	Australia	2021	EPI-ISL-15774013
EPI-ISL-15774064_Australia_2021	A-D.1.3.1	Australia	2021	EPI-ISL-15774064
EPI-ISL-11817028_Australia_2021	A-D.1.3.1	Australia	2021	EPI-ISL-11817028
EPI-ISL-11817032_Australia_2021	A-D.1.3.1	Australia	2021	EPI-ISL-11817032
EPI-ISL-11817024_Australia_2021	A-D.1.3.1	Australia	2021	EPI-ISL-11817024
EPI-ISL-11817091_Australia_2021	A-D.1.3.1	Australia	2021	EPI-ISL-11817091
OM857230_Australia_2020	A-D.1.3.1	Australia	2020	OM857230
OM857231_Australia_2020	A-D.1.3.1	Australia	2020	OM857231
OM857242_Australia_2020	A-D.1.3.1	Australia	2020	OM857242
OM857233_Australia_2020	A-D.1.3.1	Australia	2020	OM857233
EPI-ISL-11817100_Australia_2021	A-D.1.3.1	Australia	2021	EPI-ISL-11817100
OM857214_Australia_2020	A-D.1.3.1	Australia	2020	OM857214
OM857355_Australia_2020	A-D.1.3.1	Australia	2020	OM857355
OM857228_Australia_2020	A-D.1.3.1	Australia	2020	OM857228
OM857363_Australia_2021	A-D.1.3.1	Australia	2021	OM857363
OM857229_Australia_2020	A-D.1.3.1	Australia	2020	OM857229
EPI-ISL-15774029_Australia_2021	A-D.1.3.1	Australia	2021	EPI-ISL-15774029
OM857264_Australia_2021	A-D.1.3.1	Australia	2021	OM857264
EPI-ISL-15774011_Australia_2021	A-D.1.3.1	Australia	2021	EPI-ISL-15774011
EPI-ISL-15774022_Australia_2021	A-D.1.3.1	Australia	2021	EPI-ISL-15774022
OM857249_Australia_2020	A-D.1.3.1	Australia	2020	OM857249
OM857227_Australia_2020	A-D.1.3.1	Australia	2020	OM857227
OM857240_Australia_2020	A-D.1.3.1	Australia	2020	OM857240
OM857213_Australia_2020	A-D.1.3.1	Australia	2020	OM857213
EPI-ISL-15774025_Australia_2021	A-D.1.3.1	Australia	2021	EPI-ISL-15774025
OM857225_Australia_2020	A-D.1.3.1	Australia	2020	OM857225
OM857216_Australia_2020	A-D.1.3.1	Australia	2020	OM857216
OM857226_Australia_2020	A-D.1.3.1	Australia	2020	OM857226
OM857215_Australia_2020	A-D.1.3.1	Australia	2020	OM857215
OM857218_Australia_2020	A-D.1.3.1	Australia	2020	OM857218
EPI-ISL-16959742_New-Zealand_2021	A-D.1.3.1	New-Zealand	2021	EPI-ISL-16959742
EPI-ISL-16959866_New-Zealand_2021	A-D.1.3.1	New-Zealand	2021	EPI-ISL-16959866
EPI-ISL-16959858_New-Zealand_2021	A-D.1.3.1	New-Zealand	2021	EPI-ISL-16959858
OM857237_Australia_2020	A-D.1.3.1	Australia	2020	OM857237
OM857220_Australia_2020	A-D.1.3.1	Australia	2020	OM857220
OM857224_Australia_2020	A-D.1.3.1	Australia	2020	OM857224
OM857222_Australia_2020	A-D.1.3.1	Australia	2020	OM857222
OM857356_Australia_2021	A-D.1.3.1	Australia	2021	OM857356
OM857223_Australia_2020	A-D.1.3.1	Australia	2020	OM857223
OM857245_Australia_2020	A-D.1.3.1	Australia	2020	OM857245
OM857248_Australia_2020	A-D.1.3.1	Australia	2020	OM857248
OM857244_Australia_2020	A-D.1.3.1	Australia	2020	OM857244
OM857262_Australia_2020	A-D.1.3.1	Australia	2020	OM857262
OM857263_Australia_2021	A-D.1.3.1	Australia	2021	OM857263
EPI-ISL-11817096_Australia_2021	A-D.1.3.1	Australia	2021	EPI-ISL-11817096
OM857243_Australia_2020	A-D.1.3.1	Australia	2020	OM857243
OM857250_Australia_2020	A-D.1.3.1	Australia	2020	OM857250
OM857241_Australia_2020	A-D.1.3.1	Australia	2020	OM857241
EPI-ISL-11817099_Australia_2021	A-D.1.3.1	Australia	2021	EPI-ISL-11817099
EPI-ISL-11817101_Australia_2021	A-D.1.3.1	Australia	2021	EPI-ISL-11817101
EPI-ISL-15774018_Australia_2021	A-D.1.3.1	Australia	2021	EPI-ISL-15774018
OM857235_Australia_2020	A-D.1.3.1	Australia	2020	OM857235
OM857236_Australia_2020	A-D.1.3.1	Australia	2020	OM857236
OM857358_Australia_2020	A-D.1.3.1	Australia	2020	OM857358
OM857232_Australia_2020	A-D.1.3.1	Australia	2020	OM857232
OM857239_Australia_2020	A-D.1.3.1	Australia	2020	OM857239
EPI-ISL-11817030_Australia_2021	A-D.1.3.1	Australia	2021	EPI-ISL-11817030
EPI-ISL-15774016_Australia_2021	A-D.1.3.1	Australia	2021	EPI-ISL-15774016
EPI-ISL-11817088_Australia_2021	A-D.1.3.1	Australia	2021	EPI-ISL-11817088
OM857254_Australia_2020	A-D.1.3.1	Australia	2020	OM857254
EPI-ISL-16959923_New-Zealand_2021	A-D.1.3.1	New-Zealand	2021	EPI-ISL-16959923
EPI-ISL-16959927_New-Zealand_2021	A-D.1.3.1	New-Zealand	2021	EPI-ISL-16959927
EPI-ISL-16959926_New-Zealand_2021	A-D.1.3.1	New-Zealand	2021	EPI-ISL-16959926
OM857257_Australia_2021	A-D.1.3.1	Australia	2021	OM857257
OM857256_Australia_2020	A-D.1.3.1	Australia	2020	OM857256
OM857258_Australia_2020	A-D.1.3.1	Australia	2020	OM857258
OM857255_Australia_2021	A-D.1.3.1	Australia	2021	OM857255
OM857259_Australia_2020	A-D.1.3.1	Australia	2020	OM857259
OM857260_Australia_2020	A-D.1.3.1	Australia	2020	OM857260
OM857251_Australia_2020	A-D.1.3.1	Australia	2020	OM857251
OM857252_Australia_2020	A-D.1.3.1	Australia	2020	OM857252
OM857261_Australia_2020	A-D.1.3.1	Australia	2020	OM857261
OM857267_Australia_2021	A-D.1.3.1	Australia	2021	OM857267
OM857360_Australia_2021	A-D.1.3.1	Australia	2021	OM857360
OM857265_Australia_2020	A-D.1.3.1	Australia	2020	OM857265
OM857253_Australia_2020	A-D.1.3.1	Australia	2020	OM857253
OM857234_Australia_2020	A-D.1.3.1	Australia	2020	OM857234
EPI-ISL-15774042_Australia_2021	A-D.1.3.1	Australia	2021	EPI-ISL-15774042
EPI-ISL-11817062_Australia_2021	A-D.1.3.1	Australia	2021	EPI-ISL-11817062
OM857277_Australia_2020	A-D.1.3.1	Australia	2020	OM857277
OM857353_Australia_2021	A-D.1.3.1	Australia	2021	OM857353
OM857271_Australia_2020	A-D.1.3.1	Australia	2020	OM857271
OM857273_Australia_2020	A-D.1.3.1	Australia	2020	OM857273
OM857282_Australia_2020	A-D.1.3.1	Australia	2020	OM857282
OM857288_Australia_2020	A-D.1.3.1	Australia	2020	OM857288
OM857289_Australia_2020	A-D.1.3.1	Australia	2020	OM857289
OM857270_Australia_2020	A-D.1.3.1	Australia	2020	OM857270
OM857276_Australia_2020	A-D.1.3.1	Australia	2020	OM857276
OM857275_Australia_2020	A-D.1.3.1	Australia	2020	OM857275
OM857352_Australia_2021	A-D.1.3.1	Australia	2021	OM857352
OM857354_Australia_2021	A-D.1.3.1	Australia	2021	OM857354
OM857286_Australia_2020	A-D.1.3.1	Australia	2020	OM857286
EPI-ISL-11817109_Australia_2021	A-D.1.3.1	Australia	2021	EPI-ISL-11817109
OM857350_Australia_2020	A-D.1.3.1	Australia	2020	OM857350
OM857279_Australia_2020	A-D.1.3.1	Australia	2020	OM857279
OM857351_Australia_2021	A-D.1.3.1	Australia	2021	OM857351
EPI-ISL-11817020_Australia_2021	A-D.1.3.1	Australia	2021	EPI-ISL-11817020
EPI-ISL-15774038_Australia_2021	A-D.1.3.1	Australia	2021	EPI-ISL-15774038
OM857283_Australia_2020	A-D.1.3.1	Australia	2020	OM857283
OM857285_Australia_2020	A-D.1.3.1	Australia	2020	OM857285
OM857274_Australia_2020	A-D.1.3.1	Australia	2020	OM857274
OM857280_Australia_2020	A-D.1.3.1	Australia	2020	OM857280
OM857281_Australia_2020	A-D.1.3.1	Australia	2020	OM857281
EPI-ISL-11817056_Australia_2021	A-D.1.3.1	Australia	2021	EPI-ISL-11817056
OM857293_Australia_2020	A-D.1.3.1	Australia	2020	OM857293
OM857292_Australia_2020	A-D.1.3.1	Australia	2020	OM857292
OM857291_Australia_2020	A-D.1.3.1	Australia	2020	OM857291
EPI-ISL-16959766_New-Zealand_2021	A-D.1.3.1	New-Zealand	2021	EPI-ISL-16959766
EPI-ISL-16960086_New-Zealand_2021	A-D.1.3.1	New-Zealand	2021	EPI-ISL-16960086
MK749913_Nicaragua_2016	A-D.2	Nicaragua	2016	MK749913
EPI-ISL-6494788_England_2014	A-D.2	England	2014	EPI-ISL-6494788
ON237272_Argentina_2015	A-D.2	Argentina	2015	ON237272
EPI-ISL-16839036_Scotland_2022	A-D.2	Scotland	2022	EPI-ISL-16839036
MZ515901_Netherlands_2019	A-D.2	Netherlands	2019	MZ515901
MK749912_Nicaragua_2015	A-D.2	Nicaragua	2015	MK749912
EPI-ISL-6494796_England_2014	A-D.2	England	2014	EPI-ISL-6494796
MZ515709_Netherlands_2020	A-D.2.1	Netherlands	2020	MZ515709
MZ515859_Netherlands_2019	A-D.2.1	Netherlands	2019	MZ515859
MZ516080_Netherlands_2019	A-D.2.1	Netherlands	2019	MZ516080
MZ515701_Netherlands_2019	A-D.2.1	Netherlands	2019	MZ515701
MZ515766_Netherlands_2019	A-D.2.1	Netherlands	2019	MZ515766
MZ515801_Netherlands_2019	A-D.2.1	Netherlands	2019	MZ515801
MZ515898_Netherlands_2019	A-D.2.1	Netherlands	2019	MZ515898
MZ516088_Netherlands_2019	A-D.2.1	Netherlands	2019	MZ516088
MZ515651_Netherlands_2019	A-D.2.1	Netherlands	2019	MZ515651
MZ515696_Netherlands_2019	A-D.2.1	Netherlands	2019	MZ515696
MZ516132_Netherlands_2019	A-D.2.1	Netherlands	2019	MZ516132
MZ516038_Netherlands_2019	A-D.2.1	Netherlands	2019	MZ516038
MZ515877_Netherlands_2019	A-D.2.1	Netherlands	2019	MZ515877
ON237315_Argentina_2017	A-D.2.2	Argentina	2017	ON237315
ON237325_Argentina_2017	A-D.2.2	Argentina	2017	ON237325
ON237299_Argentina_2017	A-D.2.2	Argentina	2017	ON237299
MZ515852_Netherlands_2019	A-D.2.2	Netherlands	2019	MZ515852
ON237304_Argentina_2017	A-D.2.2	Argentina	2017	ON237304
ON237301_Argentina_2017	A-D.2.2	Argentina	2017	ON237301
ON237302_Argentina_2017	A-D.2.2	Argentina	2017	ON237302
ON237305_Argentina_2017	A-D.2.2	Argentina	2017	ON237305
ON237340_Argentina_2017	A-D.2.2	Argentina	2017	ON237340
EPI-ISL-6494821_England_2016	A-D.2.2	England	2016	EPI-ISL-6494821
MZ515566_United-Kingdom_2019	A-D.2.2	United-Kingdom	2019	MZ515566
EPI-ISL-15120681_Morocco_2015	A-D.2.2	Morocco	2015	EPI-ISL-15120681
EPI-ISL-15120785_Morocco_2019	A-D.2.2	Morocco	2019	EPI-ISL-15120785
EPI-ISL-6494785_England_2014	A-D.2.2	England	2014	EPI-ISL-6494785
EPI-ISL-6494806_England_2015	A-D.2.2	England	2015	EPI-ISL-6494806
EPI-ISL-15120716_Morocco_2016	A-D.2.2	Morocco	2016	EPI-ISL-15120716
EPI-ISL-6494988_England_2013	A-D.2.2	England	2013	EPI-ISL-6494988
EPI-ISL-6494809_England_2015	A-D.2.2	England	2015	EPI-ISL-6494809
ON237333_Argentina_2017	A-D.2.2	Argentina	2017	ON237333
ON237335_Argentina_2017	A-D.2.2	Argentina	2017	ON237335
ON237322_Argentina_2017	A-D.2.2	Argentina	2017	ON237322
ON237321_Argentina_2017	A-D.2.2	Argentina	2017	ON237321
ON237311_Argentina_2017	A-D.2.2	Argentina	2017	ON237311
ON237327_Argentina_2017	A-D.2.2	Argentina	2017	ON237327
ON237356_Argentina_2017	A-D.2.2	Argentina	2017	ON237356
MN630100_USA_2016	A-D.2.2	USA	2016	MN630100
EPI-ISL-15120728_Morocco_2016	A-D.2.2	Morocco	2016	EPI-ISL-15120728
MH447958_Thailand_2016	A-D.2.2	Thailand	2016	MH447958
MZ515740_Netherlands_2019	A-D.2.2	Netherlands	2019	MZ515740
MZ516072_United-Kingdom_2019	A-D.2.2	United-Kingdom	2019	MZ516072
MZ515833_Netherlands_2018	A-D.2.2	Netherlands	2018	MZ515833
MZ515841_Netherlands_2019	A-D.2.2	Netherlands	2019	MZ515841
MZ515835_Netherlands_2018	A-D.2.2	Netherlands	2018	MZ515835
MZ516053_Netherlands_2018	A-D.2.2	Netherlands	2018	MZ516053
EPI-ISL-6174136_Cote-dIvoire_2019	A-D.2.2	Cote-dIvoire	2019	EPI-ISL-6174136
EPI-ISL-5522630_Cote-dIvoire_2019	A-D.2.2	Cote-dIvoire	2019	EPI-ISL-5522630
MZ515985_Netherlands_2019	A-D.2.2	Netherlands	2019	MZ515985
MZ515703_Netherlands_2018	A-D.2.2	Netherlands	2018	MZ515703
EPI-ISL-6494811_England_2016	A-D.2.2	England	2016	EPI-ISL-6494811
EPI-ISL-15120688_Morocco_2015	A-D.2.2	Morocco	2015	EPI-ISL-15120688
EPI-ISL-15120717_Morocco_2016	A-D.2.2	Morocco	2016	EPI-ISL-15120717
EPI-ISL-15120689_Morocco_2015	A-D.2.2	Morocco	2015	EPI-ISL-15120689
EPI-ISL-15120730_Morocco_2016	A-D.2.2	Morocco	2016	EPI-ISL-15120730
EPI-ISL-6494800_England_2015	A-D.2.2	England	2015	EPI-ISL-6494800
MZ515939_Netherlands_2017	A-D.2.2	Netherlands	2017	MZ515939
MZ516108_Netherlands_2017	A-D.2.2	Netherlands	2017	MZ516108
EPI-ISL-15120694_Morocco_2016	A-D.2.2	Morocco	2016	EPI-ISL-15120694
EPI-ISL-15120715_Morocco_2016	A-D.2.2	Morocco	2016	EPI-ISL-15120715
EPI-ISL-16905447_Morocco_2016	A-D.2.2	Morocco	2016	EPI-ISL-16905447
EPI-ISL-15120713_Morocco_2016	A-D.2.2	Morocco	2016	EPI-ISL-15120713
EPI-ISL-15120692_Morocco_2016	A-D.2.2	Morocco	2016	EPI-ISL-15120692
EPI-ISL-15120783_Morocco_2018	A-D.2.2	Morocco	2018	EPI-ISL-15120783
EPI-ISL-15120727_Morocco_2016	A-D.2.2	Morocco	2016	EPI-ISL-15120727
EPI-ISL-15120703_Morocco_2016	A-D.2.2	Morocco	2016	EPI-ISL-15120703
ON237307_Argentina_2017	A-D.2.2	Argentina	2017	ON237307
ON237318_Argentina_2017	A-D.2.2	Argentina	2017	ON237318
ON237323_Argentina_2017	A-D.2.2	Argentina	2017	ON237323
ON237357_Argentina_2017	A-D.2.2	Argentina	2017	ON237357
EPI-ISL-15120774_Morocco_2017	A-D.2.2	Morocco	2017	EPI-ISL-15120774
ON237339_Argentina_2017	A-D.2.2	Argentina	2017	ON237339
ON237253_Argentina_2015	A-D.2.2	Argentina	2015	ON237253
ON237297_Argentina_2017	A-D.2.2	Argentina	2017	ON237297
ON237300_Argentina_2017	A-D.2.2	Argentina	2017	ON237300
ON237310_Argentina_2017	A-D.2.2	Argentina	2017	ON237310
ON237324_Argentina_2017	A-D.2.2	Argentina	2017	ON237324
EPI-ISL-15120706_Morocco_2016	A-D.2.2	Morocco	2016	EPI-ISL-15120706
MZ516129_United-Kingdom_2019	A-D.2.2	United-Kingdom	2019	MZ516129
MH383066_Lebanon_2014	A-D.2.2	Lebanon	2014	MH383066
EPI-ISL-6494993_England_2013	A-D.2.2	England	2013	EPI-ISL-6494993
ON237273_Argentina_2015	A-D.2.2	Argentina	2015	ON237273
EPI-ISL-15120777_Morocco_2017	A-D.2.2	Morocco	2017	EPI-ISL-15120777
EPI-ISL-15120721_Morocco_2016	A-D.2.2	Morocco	2016	EPI-ISL-15120721
EPI-ISL-15120738_Morocco_2017	A-D.2.2	Morocco	2017	EPI-ISL-15120738
EPI-ISL-15120745_Morocco_2017	A-D.2.2	Morocco	2017	EPI-ISL-15120745
EPI-ISL-15120739_Morocco_2017	A-D.2.2	Morocco	2017	EPI-ISL-15120739
EPI-ISL-15120723_Morocco_2016	A-D.2.2	Morocco	2016	EPI-ISL-15120723
EPI-ISL-15120743_Morocco_2017	A-D.2.2	Morocco	2017	EPI-ISL-15120743
ON237336_Argentina_2017	A-D.2.2	Argentina	2017	ON237336
ON237345_Argentina_2017	A-D.2.2	Argentina	2017	ON237345
MZ515559_United-Kingdom_2018	A-D.2.2	United-Kingdom	2018	MZ515559
MZ515905_United-Kingdom_2018	A-D.2.2	United-Kingdom	2018	MZ515905
MK749890_Nicaragua_2016	A-D.2.2	Nicaragua	2016	MK749890
MK749893_Nicaragua_2016	A-D.2.2	Nicaragua	2016	MK749893
MK749911_Nicaragua_2016	A-D.2.2	Nicaragua	2016	MK749911
MK749917_Nicaragua_2016	A-D.2.2	Nicaragua	2016	MK749917
MK749886_Nicaragua_2016	A-D.2.2	Nicaragua	2016	MK749886
MK749867_Nicaragua_2016	A-D.2.2	Nicaragua	2016	MK749867
ON237334_Argentina_2017	A-D.2.2	Argentina	2017	ON237334
ON237338_Argentina_2017	A-D.2.2	Argentina	2017	ON237338
MZ515804_Spain_2019	A-D.2.3	Spain	2019	MZ515804
MZ515851_Spain_2018	A-D.2.3	Spain	2018	MZ515851
MZ516052_Spain_2019	A-D.2.3	Spain	2019	MZ516052
MZ516026_Netherlands_2019	A-D.2.3	Netherlands	2019	MZ516026
MZ516044_Netherlands_2019	A-D.2.3	Netherlands	2019	MZ516044
MZ515609_Spain_2019	A-D.2.3	Spain	2019	MZ515609
MZ515902_Spain_2018	A-D.2.3	Spain	2018	MZ515902
MZ515956_Spain_2019	A-D.2.3	Spain	2019	MZ515956
MZ515887_Spain_2019	A-D.2.3	Spain	2019	MZ515887
ON237295_Argentina_2017	A-D.2.3	Argentina	2017	ON237295
EPI-ISL-10954007_England_2017	A-D.2.3	England	2017	EPI-ISL-10954007
EPI-ISL-10954008_England_2017	A-D.2.3	England	2017	EPI-ISL-10954008
LR699737_United-Kingdom_2017	A-D.2.3	United-Kingdom	2017	LR699737
MZ515575_United-Kingdom_2018	A-D.2.3	United-Kingdom	2018	MZ515575
MZ515909_United-Kingdom_2018	A-D.2.3	United-Kingdom	2018	MZ515909
MZ515850_United-Kingdom_2018	A-D.2.3	United-Kingdom	2018	MZ515850
MZ516028_United-Kingdom_2018	A-D.2.3	United-Kingdom	2018	MZ516028
MZ515569_United-Kingdom_2018	A-D.2.3	United-Kingdom	2018	MZ515569
MZ515921_United-Kingdom_2018	A-D.2.3	United-Kingdom	2018	MZ515921
ON237289_Argentina_2016	A-D.2.3	Argentina	2016	ON237289
ON237294_Argentina_2016	A-D.2.3	Argentina	2016	ON237294
EPI-ISL-16714809_Australia_2022	A-D.3	Australia	2022	EPI-ISL-16714809
EPI-ISL-14039046_Uganda_2021	A-D.3	Uganda	2021	EPI-ISL-14039046
MZ515666_United-Kingdom_2020	A-D.3	United-Kingdom	2020	MZ515666
MZ515993_United-Kingdom_2020	A-D.3	United-Kingdom	2020	MZ515993
MZ516023_United-Kingdom_2020	A-D.3	United-Kingdom	2020	MZ516023
MN306017_USA_2018	A-D.3	USA	2018	MN306017
MN306045_USA_2019	A-D.3	USA	2019	MN306045
MZ515619_Spain_2019	A-D.3	Spain	2019	MZ515619
EPI-ISL-11055719_South-Africa_2022	A-D.3	South-Africa	2022	EPI-ISL-11055719
EPI-ISL-11055721_South-Africa_2022	A-D.3	South-Africa	2022	EPI-ISL-11055721
EPI-ISL-11055720_South-Africa_2022	A-D.3	South-Africa	2022	EPI-ISL-11055720
EPI-ISL-11055728_South-Africa_2022	A-D.3	South-Africa	2022	EPI-ISL-11055728
EPI-ISL-12870553_South-Africa_2022	A-D.3	South-Africa	2022	EPI-ISL-12870553
EPI-ISL-11055727_South-Africa_2022	A-D.3	South-Africa	2022	EPI-ISL-11055727
EPI-ISL-12870547_South-Africa_2022	A-D.3	South-Africa	2022	EPI-ISL-12870547
EPI-ISL-16714774_Australia_2022	A-D.3	Australia	2022	EPI-ISL-16714774
EPI-ISL-15896178_Australia_2022	A-D.3	Australia	2022	EPI-ISL-15896178
EPI-ISL-16132394_USA_2022	A-D.3	USA	2022	EPI-ISL-16132394
OQ261748_Austria_2021	A-D.3	Austria	2021	OQ261748
EPI-ISL-16681183_USA_2022	A-D.3	USA	2022	EPI-ISL-16681183
MZ515668_United-Kingdom_2019	A-D.3	United-Kingdom	2019	MZ515668
EPI-ISL-11055736_South-Africa_2021	A-D.3	South-Africa	2021	EPI-ISL-11055736
EPI-ISL-6174135_Cote-dIvoire_2019	A-D.3	Cote-dIvoire	2019	EPI-ISL-6174135
MZ516017_United-Kingdom_2019	A-D.3	United-Kingdom	2019	MZ516017
EPI-ISL-6268624_China_2021	A-D.3	China	2021	EPI-ISL-6268624
OK500256_France_2021	A-D.3	France	2021	OK500256
MZ515693_Spain_2020	A-D.3	Spain	2020	MZ515693
EPI-ISL-16132344_USA_2022	A-D.3	USA	2022	EPI-ISL-16132344
EPI-ISL-16132340_USA_2022	A-D.3	USA	2022	EPI-ISL-16132340
EPI-ISL-16132349_USA_2022	A-D.3	USA	2022	EPI-ISL-16132349
OP890340_USA_2022	A-D.3	USA	2022	OP890340
EPI-ISL-17066831_Australia_2022	A-D.3	Australia	2022	EPI-ISL-17066831
EPI-ISL-16132332_USA_2022	A-D.3	USA	2022	EPI-ISL-16132332
EPI-ISL-16132391_USA_2022	A-D.3	USA	2022	EPI-ISL-16132391
MZ516039_Netherlands_2019	A-D.3	Netherlands	2019	MZ516039
EPI-ISL-12970420_Philippines_2019	A-D.3	Philippines	2019	EPI-ISL-12970420
MT422271_Russia_2019	A-D.3	Russia	2019	MT422271
EPI-ISL-17104707_Cambodia_2021	A-D.3	Cambodia	2021	EPI-ISL-17104707
MN306029_USA_2019	A-D.3	USA	2019	MN306029
EPI-ISL-16681311_USA_2022	A-D.3	USA	2022	EPI-ISL-16681311
EPI-ISL-16132378_USA_2022	A-D.3	USA	2022	EPI-ISL-16132378
EPI-ISL-16132356_USA_2022	A-D.3	USA	2022	EPI-ISL-16132356
EPI-ISL-16132364_USA_2022	A-D.3	USA	2022	EPI-ISL-16132364
ON152648_Russia_2021	A-D.3	Russia	2021	ON152648
MZ516112_United-Kingdom_2019	A-D.3	United-Kingdom	2019	MZ516112
MZ515647_United-Kingdom_2018	A-D.3	United-Kingdom	2018	MZ515647
MZ516063_United-Kingdom_2018	A-D.3	United-Kingdom	2018	MZ516063
MZ515692_Spain_2018	A-D.3	Spain	2018	MZ515692
MZ515632_Netherlands_2018	A-D.3	Netherlands	2018	MZ515632
MZ515731_Netherlands_2018	A-D.3	Netherlands	2018	MZ515731
MZ515828_Netherlands_2018	A-D.3	Netherlands	2018	MZ515828
MZ516110_Netherlands_2018	A-D.3	Netherlands	2018	MZ516110
MZ515854_United-Kingdom_2019	A-D.3	United-Kingdom	2019	MZ515854
MZ516027_United-Kingdom_2019	A-D.3	United-Kingdom	2019	MZ516027
MN306048_USA_2019	A-D.3	USA	2019	MN306048
MT422269_Russia_2019	A-D.3	Russia	2019	MT422269
MT422270_Russia_2019	A-D.3	Russia	2019	MT422270
MZ151852_Russia_2020	A-D.3	Russia	2020	MZ151852
MZ151853_Russia_2020	A-D.3	Russia	2020	MZ151853
MZ515752_United-Kingdom_2018	A-D.3	United-Kingdom	2018	MZ515752
MZ515882_United-Kingdom_2018	A-D.3	United-Kingdom	2018	MZ515882
MZ515910_United-Kingdom_2019	A-D.3	United-Kingdom	2019	MZ515910
MZ515923_United-Kingdom_2019	A-D.3	United-Kingdom	2019	MZ515923
MZ515555_United-Kingdom_2019	A-D.3	United-Kingdom	2019	MZ515555
MZ515679_United-Kingdom_2020	A-D.3	United-Kingdom	2020	MZ515679
MZ515723_United-Kingdom_2019	A-D.3	United-Kingdom	2019	MZ515723
MZ515928_United-Kingdom_2019	A-D.3	United-Kingdom	2019	MZ515928
EPI-ISL-6268619_China_2020	A-D.3	China	2020	EPI-ISL-6268619
EPI-ISL-15896171_Australia_2022	A-D.3.1	Australia	2022	EPI-ISL-15896171
EPI-ISL-15896166_Australia_2022	A-D.3.1	Australia	2022	EPI-ISL-15896166
EPI-ISL-15896195_Australia_2022	A-D.3.1	Australia	2022	EPI-ISL-15896195
EPI-ISL-16714786_Australia_2022	A-D.3.1	Australia	2022	EPI-ISL-16714786
EPI-ISL-17066802_Australia_2022	A-D.3.1	Australia	2022	EPI-ISL-17066802
EPI-ISL-15896181_Australia_2022	A-D.3.1	Australia	2022	EPI-ISL-15896181
EPI-ISL-17066819_Australia_2022	A-D.3.1	Australia	2022	EPI-ISL-17066819
EPI-ISL-15896199_Australia_2022	A-D.3.1	Australia	2022	EPI-ISL-15896199
EPI-ISL-15896168_Australia_2022	A-D.3.1	Australia	2022	EPI-ISL-15896168
EPI-ISL-15896189_Australia_2022	A-D.3.1	Australia	2022	EPI-ISL-15896189
EPI-ISL-15896222_Australia_2022	A-D.3.1	Australia	2022	EPI-ISL-15896222
EPI-ISL-15896198_Australia_2022	A-D.3.1	Australia	2022	EPI-ISL-15896198
EPI-ISL-15896188_Australia_2022	A-D.3.1	Australia	2022	EPI-ISL-15896188
EPI-ISL-16714770_Australia_2022	A-D.3.1	Australia	2022	EPI-ISL-16714770
EPI-ISL-15896169_Australia_2022	A-D.3.1	Australia	2022	EPI-ISL-15896169
EPI-ISL-16714780_Australia_2022	A-D.3.1	Australia	2022	EPI-ISL-16714780
EPI-ISL-17066777_Australia_2022	A-D.3.1	Australia	2022	EPI-ISL-17066777
EPI-ISL-15896176_Australia_2022	A-D.3.1	Australia	2022	EPI-ISL-15896176
EPI-ISL-15896187_Australia_2022	A-D.3.1	Australia	2022	EPI-ISL-15896187
EPI-ISL-17066824_Australia_2022	A-D.3.1	Australia	2022	EPI-ISL-17066824
EPI-ISL-16714800_Australia_2022	A-D.3.1	Australia	2022	EPI-ISL-16714800
EPI-ISL-17066793_Australia_2022	A-D.3.1	Australia	2022	EPI-ISL-17066793
EPI-ISL-15896183_Australia_2022	A-D.3.1	Australia	2022	EPI-ISL-15896183
EPI-ISL-15896143_Australia_2022	A-D.3.1	Australia	2022	EPI-ISL-15896143
EPI-ISL-17066788_Australia_2022	A-D.3.1	Australia	2022	EPI-ISL-17066788
EPI-ISL-15896194_Australia_2022	A-D.3.1	Australia	2022	EPI-ISL-15896194
EPI-ISL-17066828_Australia_2022	A-D.3.1	Australia	2022	EPI-ISL-17066828
EPI-ISL-17066833_Australia_2022	A-D.3.1	Australia	2022	EPI-ISL-17066833
EPI-ISL-15896175_Australia_2022	A-D.3.1	Australia	2022	EPI-ISL-15896175
EPI-ISL-16714747_Australia_2022	A-D.3.1	Australia	2022	EPI-ISL-16714747
EPI-ISL-16714749_Australia_2022	A-D.3.1	Australia	2022	EPI-ISL-16714749
EPI-ISL-15896203_Australia_2022	A-D.3.1	Australia	2022	EPI-ISL-15896203
EPI-ISL-17066776_Australia_2022	A-D.3.1	Australia	2022	EPI-ISL-17066776
EPI-ISL-16714745_Australia_2022	A-D.3.1	Australia	2022	EPI-ISL-16714745
EPI-ISL-17066827_Australia_2022	A-D.3.1	Australia	2022	EPI-ISL-17066827
EPI-ISL-15896294_Australia_2022	A-D.3.1	Australia	2022	EPI-ISL-15896294
EPI-ISL-15896152_Australia_2022	A-D.3.1	Australia	2022	EPI-ISL-15896152
EPI-ISL-15896149_Australia_2022	A-D.3.1	Australia	2022	EPI-ISL-15896149
EPI-ISL-16714791_Australia_2022	A-D.3.1	Australia	2022	EPI-ISL-16714791
EPI-ISL-15896148_Australia_2022	A-D.3.1	Australia	2022	EPI-ISL-15896148
EPI-ISL-15896162_Australia_2022	A-D.3.1	Australia	2022	EPI-ISL-15896162
EPI-ISL-15896144_Australia_2022	A-D.3.1	Australia	2022	EPI-ISL-15896144
EPI-ISL-15896234_Australia_2022	A-D.3.1	Australia	2022	EPI-ISL-15896234
EPI-ISL-15896145_Australia_2022	A-D.3.1	Australia	2022	EPI-ISL-15896145
EPI-ISL-16714797_Australia_2022	A-D.3.1	Australia	2022	EPI-ISL-16714797
EPI-ISL-17066834_Australia_2022	A-D.3.1	Australia	2022	EPI-ISL-17066834
EPI-ISL-15896179_Australia_2022	A-D.3.1	Australia	2022	EPI-ISL-15896179
EPI-ISL-16714795_Australia_2022	A-D.3.1	Australia	2022	EPI-ISL-16714795
EPI-ISL-15896167_Australia_2022	A-D.3.1	Australia	2022	EPI-ISL-15896167
EPI-ISL-16714789_Australia_2022	A-D.3.1	Australia	2022	EPI-ISL-16714789
EPI-ISL-15896211_Australia_2022	A-D.3.1	Australia	2022	EPI-ISL-15896211
EPI-ISL-15896158_Australia_2022	A-D.3.1	Australia	2022	EPI-ISL-15896158
EPI-ISL-16714781_Australia_2022	A-D.3.1	Australia	2022	EPI-ISL-16714781
EPI-ISL-15896170_Australia_2022	A-D.3.1	Australia	2022	EPI-ISL-15896170
EPI-ISL-15896218_Australia_2022	A-D.3.1	Australia	2022	EPI-ISL-15896218
EPI-ISL-15896159_Australia_2022	A-D.3.1	Australia	2022	EPI-ISL-15896159
EPI-ISL-15896182_Australia_2022	A-D.3.1	Australia	2022	EPI-ISL-15896182
EPI-ISL-15896151_Australia_2022	A-D.3.1	Australia	2022	EPI-ISL-15896151
EPI-ISL-16839035_Scotland_2022	A-D.3.1	Scotland	2022	EPI-ISL-16839035
MH182054_Kenya_2016	A-D.4	Kenya	2016	MH182054
MH182030_Kenya_2015	A-D.4	Kenya	2015	MH182030
MH182036_Kenya_2015	A-D.4	Kenya	2015	MH182036
MH182013_Kenya_2014	A-D.4	Kenya	2014	MH182013
MH182020_Kenya_2014	A-D.4	Kenya	2014	MH182020
MH182008_Kenya_2014	A-D.4	Kenya	2014	MH182008
MH182010_Kenya_2014	A-D.4	Kenya	2014	MH182010
MH182032_Kenya_2015	A-D.4	Kenya	2015	MH182032
MH182021_Kenya_2014	A-D.4	Kenya	2014	MH182021
MH182050_Kenya_2015	A-D.4	Kenya	2015	MH182050
MH182049_Kenya_2015	A-D.4	Kenya	2015	MH182049
MH182028_Kenya_2015	A-D.4	Kenya	2015	MH182028
MH182014_Kenya_2014	A-D.4	Kenya	2014	MH182014
MH181992_Kenya_2013	A-D.4	Kenya	2013	MH181992
MH181991_Kenya_2013	A-D.4	Kenya	2013	MH181991
MH182060_Kenya_2016	A-D.4	Kenya	2016	MH182060
MH182061_Kenya_2016	A-D.4	Kenya	2016	MH182061
MH182019_Kenya_2014	A-D.4	Kenya	2014	MH182019
MH182044_Kenya_2015	A-D.4	Kenya	2015	MH182044
MH182045_Kenya_2015	A-D.4	Kenya	2015	MH182045
MH182051_Kenya_2015	A-D.4	Kenya	2015	MH182051
MH182043_Kenya_2015	A-D.4	Kenya	2015	MH182043
MH182059_Kenya_2016	A-D.4	Kenya	2016	MH182059
MH182018_Kenya_2014	A-D.4	Kenya	2014	MH182018
MH182029_Kenya_2015	A-D.4	Kenya	2015	MH182029
MH182035_Kenya_2015	A-D.4	Kenya	2015	MH182035
MH182012_Kenya_2014	A-D.4	Kenya	2014	MH182012
MH182027_Kenya_2014	A-D.4	Kenya	2014	MH182027
MH182037_Kenya_2015	A-D.4	Kenya	2015	MH182037
MH182011_Kenya_2014	A-D.4	Kenya	2014	MH182011
MH182016_Kenya_2014	A-D.4	Kenya	2014	MH182016
MH182003_Kenya_2014	A-D.4	Kenya	2014	MH182003
MH182001_Kenya_2014	A-D.4	Kenya	2014	MH182001
MH182031_Kenya_2015	A-D.4	Kenya	2015	MH182031
MH181997_Kenya_2013	A-D.4	Kenya	2013	MH181997
MH181998_Kenya_2014	A-D.4	Kenya	2014	MH181998
EPI-ISL-11055715_South-Africa_2021	A-D.4.1	South-Africa	2021	EPI-ISL-11055715
EPI-ISL-12529644_South-Africa_2021	A-D.4.1	South-Africa	2021	EPI-ISL-12529644
EPI-ISL-11055735_South-Africa_2021	A-D.4.1	South-Africa	2021	EPI-ISL-11055735
EPI-ISL-12529634_South-Africa_2021	A-D.4.1	South-Africa	2021	EPI-ISL-12529634
EPI-ISL-12529647_South-Africa_2021	A-D.4.1	South-Africa	2021	EPI-ISL-12529647
EPI-ISL-11055743_South-Africa_2021	A-D.4.1	South-Africa	2021	EPI-ISL-11055743
EPI-ISL-12870543_South-Africa_2022	A-D.4.1	South-Africa	2022	EPI-ISL-12870543
EPI-ISL-12870544_South-Africa_2022	A-D.4.1	South-Africa	2022	EPI-ISL-12870544
EPI-ISL-11055737_South-Africa_2021	A-D.4.1	South-Africa	2021	EPI-ISL-11055737
EPI-ISL-11055718_South-Africa_2022	A-D.4.1	South-Africa	2022	EPI-ISL-11055718
EPI-ISL-12529657_South-Africa_2021	A-D.4.1	South-Africa	2021	EPI-ISL-12529657
EPI-ISL-12529635_South-Africa_2021	A-D.4.1	South-Africa	2021	EPI-ISL-12529635
EPI-ISL-12529638_South-Africa_2021	A-D.4.1	South-Africa	2021	EPI-ISL-12529638
EPI-ISL-11055749_South-Africa_2021	A-D.4.1	South-Africa	2021	EPI-ISL-11055749
EPI-ISL-12529643_South-Africa_2021	A-D.4.1	South-Africa	2021	EPI-ISL-12529643
EPI-ISL-11055742_South-Africa_2021	A-D.4.1	South-Africa	2021	EPI-ISL-11055742
EPI-ISL-12529640_South-Africa_2021	A-D.4.1	South-Africa	2021	EPI-ISL-12529640
EPI-ISL-12529645_South-Africa_2021	A-D.4.1	South-Africa	2021	EPI-ISL-12529645
EPI-ISL-11055716_South-Africa_2021	A-D.4.1	South-Africa	2021	EPI-ISL-11055716
EPI-ISL-12529639_South-Africa_2021	A-D.4.1	South-Africa	2021	EPI-ISL-12529639
EPI-ISL-12529646_South-Africa_2021	A-D.4.1	South-Africa	2021	EPI-ISL-12529646
EPI-ISL-11055738_South-Africa_2021	A-D.4.1	South-Africa	2021	EPI-ISL-11055738
EPI-ISL-12529642_South-Africa_2021	A-D.4.1	South-Africa	2021	EPI-ISL-12529642
EPI-ISL-11055752_South-Africa_2021	A-D.4.1	South-Africa	2021	EPI-ISL-11055752
MZ515682_United-Kingdom_2019	A-D.4.1	United-Kingdom	2019	MZ515682
EPI-ISL-11055717_South-Africa_2021	A-D.4.1	South-Africa	2021	EPI-ISL-11055717
EPI-ISL-15120670_Morocco_2014	A-D.5	Morocco	2014	EPI-ISL-15120670
ON237271_Argentina_2015	A-D.5	Argentina	2015	ON237271
EPI-ISL-15120672_Morocco_2014	A-D.5	Morocco	2014	EPI-ISL-15120672
EPI-ISL-15120671_Morocco_2014	A-D.5	Morocco	2014	EPI-ISL-15120671
EPI-ISL-15120673_Morocco_2014	A-D.5	Morocco	2014	EPI-ISL-15120673
EPI-ISL-6494820_England_2016	A-D.5	England	2016	EPI-ISL-6494820
EPI-ISL-15055315_Argentina_2019	A-D.5	Argentina	2019	EPI-ISL-15055315
EPI-ISL-15055318_Argentina_2019	A-D.5	Argentina	2019	EPI-ISL-15055318
EPI-ISL-15120786_Morocco_2019	A-D.5	Morocco	2019	EPI-ISL-15120786
EPI-ISL-6494822_England_2016	A-D.5	England	2016	EPI-ISL-6494822
EPI-ISL-15120775_Morocco_2017	A-D.5	Morocco	2017	EPI-ISL-15120775
EPI-ISL-15120781_Morocco_2018	A-D.5	Morocco	2018	EPI-ISL-15120781
ON237320_Argentina_2017	A-D.5	Argentina	2017	ON237320
MZ515782_United-Kingdom_2018	A-D.5	United-Kingdom	2018	MZ515782
EPI-ISL-15120780_Morocco_2018	A-D.5	Morocco	2018	EPI-ISL-15120780
EPI-ISL-12970407_Philippines_2019	A-D.5	Philippines	2019	EPI-ISL-12970407
EPI-ISL-12970409_Philippines_2019	A-D.5	Philippines	2019	EPI-ISL-12970409
EPI-ISL-12970417_Philippines_2019	A-D.5	Philippines	2019	EPI-ISL-12970417
EPI-ISL-12970411_Philippines_2019	A-D.5	Philippines	2019	EPI-ISL-12970411
EPI-ISL-12970421_Philippines_2019	A-D.5	Philippines	2019	EPI-ISL-12970421
EPI-ISL-12970412_Philippines_2019	A-D.5	Philippines	2019	EPI-ISL-12970412
EPI-ISL-12970413_Philippines_2019	A-D.5	Philippines	2019	EPI-ISL-12970413
EPI-ISL-17417579_Philippines_2019	A-D.5	Philippines	2019	EPI-ISL-17417579
EPI-ISL-12970403_Philippines_2019	A-D.5	Philippines	2019	EPI-ISL-12970403
EPI-ISL-12970408_Philippines_2019	A-D.5	Philippines	2019	EPI-ISL-12970408
EPI-ISL-17417584_Philippines_2020	A-D.5	Philippines	2020	EPI-ISL-17417584
MZ515825_Netherlands_2019	A-D.5	Netherlands	2019	MZ515825
EPI-ISL-13297850_Belgium_2022	A-D.5	Belgium	2022	EPI-ISL-13297850
MZ515592_Netherlands_2019	A-D.5	Netherlands	2019	MZ515592
MZ515884_Netherlands_2019	A-D.5	Netherlands	2019	MZ515884
MZ516134_Netherlands_2019	A-D.5	Netherlands	2019	MZ516134
MZ515616_Netherlands_2019	A-D.5	Netherlands	2019	MZ515616
MZ515780_Netherlands_2019	A-D.5	Netherlands	2019	MZ515780
EPI-ISL-6208724_Egypt_2020	A-D.5	Egypt	2020	EPI-ISL-6208724
EPI-ISL-6208725_Egypt_2020	A-D.5	Egypt	2020	EPI-ISL-6208725
EPI-ISL-6208727_Egypt_2020	A-D.5	Egypt	2020	EPI-ISL-6208727
EPI-ISL-16959620_New-Zealand_2021	A-D.5	New-Zealand	2021	EPI-ISL-16959620
EPI-ISL-12970416_Philippines_2019	A-D.5	Philippines	2019	EPI-ISL-12970416
EPI-ISL-17417581_Philippines_2019	A-D.5	Philippines	2019	EPI-ISL-17417581
EPI-ISL-12970419_Philippines_2019	A-D.5	Philippines	2019	EPI-ISL-12970419
EPI-ISL-17417592_Philippines_2020	A-D.5	Philippines	2020	EPI-ISL-17417592
EPI-ISL-12970414_Philippines_2019	A-D.5	Philippines	2019	EPI-ISL-12970414
EPI-ISL-17417595_Philippines_2019	A-D.5	Philippines	2019	EPI-ISL-17417595
EPI-ISL-17417583_Philippines_2020	A-D.5	Philippines	2020	EPI-ISL-17417583
EPI-ISL-17417598_Philippines_2020	A-D.5	Philippines	2020	EPI-ISL-17417598
EPI-ISL-16839032_Scotland_2022	A-D.5	Scotland	2022	EPI-ISL-16839032
EPI-ISL-16839038_Scotland_2022	A-D.5.1	Scotland	2022	EPI-ISL-16839038
EPI-ISL-16132363_USA_2022	A-D.5.1	USA	2022	EPI-ISL-16132363
MZ515567_United-Kingdom_2019	A-D.5.1	United-Kingdom	2019	MZ515567
MZ516012_United-Kingdom_2019	A-D.5.1	United-Kingdom	2019	MZ516012
EPI-ISL-11055729_South-Africa_2022	A-D.5.1	South-Africa	2022	EPI-ISL-11055729
EPI-ISL-11055731_South-Africa_2022	A-D.5.1	South-Africa	2022	EPI-ISL-11055731
EPI-ISL-12529637_South-Africa_2021	A-D.5.1	South-Africa	2021	EPI-ISL-12529637
EPI-ISL-11055748_South-Africa_2021	A-D.5.1	South-Africa	2021	EPI-ISL-11055748
EPI-ISL-11055760_South-Africa_2021	A-D.5.1	South-Africa	2021	EPI-ISL-11055760
EPI-ISL-11055726_South-Africa_2022	A-D.5.1	South-Africa	2022	EPI-ISL-11055726
EPI-ISL-14769848_South-Africa_2022	A-D.5.1	South-Africa	2022	EPI-ISL-14769848
EPI-ISL-11055722_South-Africa_2022	A-D.5.1	South-Africa	2022	EPI-ISL-11055722
EPI-ISL-11055753_South-Africa_2021	A-D.5.1	South-Africa	2021	EPI-ISL-11055753
EPI-ISL-11055755_South-Africa_2021	A-D.5.1	South-Africa	2021	EPI-ISL-11055755
EPI-ISL-11055747_South-Africa_2021	A-D.5.1	South-Africa	2021	EPI-ISL-11055747
EPI-ISL-11055768_South-Africa_2022	A-D.5.1	South-Africa	2022	EPI-ISL-11055768
EPI-ISL-11055745_South-Africa_2021	A-D.5.1	South-Africa	2021	EPI-ISL-11055745
MZ515749_United-Kingdom_2019	A-D.5.1	United-Kingdom	2019	MZ515749
EPI-ISL-16681284_USA_2022	A-D.5.2	USA	2022	EPI-ISL-16681284
EPI-ISL-16132351_USA_2022	A-D.5.2	USA	2022	EPI-ISL-16132351
EPI-ISL-16681285_USA_2022	A-D.5.2	USA	2022	EPI-ISL-16681285
EPI-ISL-16132339_USA_2022	A-D.5.2	USA	2022	EPI-ISL-16132339
EPI-ISL-16681408_USA_2022	A-D.5.2	USA	2022	EPI-ISL-16681408
EPI-ISL-16132353_USA_2022	A-D.5.2	USA	2022	EPI-ISL-16132353
EPI-ISL-16132404_USA_2022	A-D.5.2	USA	2022	EPI-ISL-16132404
EPI-ISL-16132389_USA_2022	A-D.5.2	USA	2022	EPI-ISL-16132389
EPI-ISL-16132407_USA_2022	A-D.5.2	USA	2022	EPI-ISL-16132407
EPI-ISL-16132397_USA_2022	A-D.5.2	USA	2022	EPI-ISL-16132397
EPI-ISL-16132392_USA_2022	A-D.5.2	USA	2022	EPI-ISL-16132392
EPI-ISL-16132396_USA_2022	A-D.5.2	USA	2022	EPI-ISL-16132396
EPI-ISL-16132408_USA_2022	A-D.5.2	USA	2022	EPI-ISL-16132408
EPI-ISL-16132398_USA_2022	A-D.5.2	USA	2022	EPI-ISL-16132398
EPI-ISL-16132395_USA_2022	A-D.5.2	USA	2022	EPI-ISL-16132395
OP890339_USA_2022	A-D.5.2	USA	2022	OP890339
EPI-ISL-16681259_USA_2022	A-D.5.2	USA	2022	EPI-ISL-16681259
EPI-ISL-16681336_USA_2022	A-D.5.2	USA	2022	EPI-ISL-16681336
OQ171929_USA_2022	A-D.5.2	USA	2022	OQ171929
EPI-ISL-16132361_USA_2022	A-D.5.2	USA	2022	EPI-ISL-16132361
EPI-ISL-16132348_USA_2022	A-D.5.2	USA	2022	EPI-ISL-16132348
EPI-ISL-16132350_USA_2022	A-D.5.2	USA	2022	EPI-ISL-16132350
EPI-ISL-16132334_USA_2022	A-D.5.2	USA	2022	EPI-ISL-16132334
EPI-ISL-16132405_USA_2022	A-D.5.2	USA	2022	EPI-ISL-16132405
EPI-ISL-16132338_USA_2022	A-D.5.2	USA	2022	EPI-ISL-16132338
EPI-ISL-16132390_USA_2022	A-D.5.2	USA	2022	EPI-ISL-16132390
OP890338_USA_2022	A-D.5.2	USA	2022	OP890338
EPI-ISL-16132393_USA_2022	A-D.5.2	USA	2022	EPI-ISL-16132393
EPI-ISL-16132328_USA_2021	A-D.5.2	USA	2021	EPI-ISL-16132328
EPI-ISL-16132403_USA_2022	A-D.5.2	USA	2022	EPI-ISL-16132403
EPI-ISL-16132399_USA_2022	A-D.5.2	USA	2022	EPI-ISL-16132399
EPI-ISL-16132406_USA_2022	A-D.5.2	USA	2022	EPI-ISL-16132406
EPI-ISL-16132377_USA_2022	A-D.5.2	USA	2022	EPI-ISL-16132377
EPI-ISL-15055323_Argentina_2021	A-D.5.2	Argentina	2021	EPI-ISL-15055323
EPI-ISL-15055327_Argentina_2021	A-D.5.2	Argentina	2021	EPI-ISL-15055327
EPI-ISL-15055325_Argentina_2021	A-D.5.2	Argentina	2021	EPI-ISL-15055325
EPI-ISL-15055328_Argentina_2021	A-D.5.2	Argentina	2021	EPI-ISL-15055328
EPI-ISL-15750188_France_2021	A-D.5.2	France	2021	EPI-ISL-15750188
EPI-ISL-15750189_France_2021	A-D.5.2	France	2021	EPI-ISL-15750189
EPI-ISL-15750198_France_2021	A-D.5.2	France	2021	EPI-ISL-15750198
EPI-ISL-15750187_France_2021	A-D.5.2	France	2021	EPI-ISL-15750187
EPI-ISL-16132368_USA_2022	A-D.5.2	USA	2022	EPI-ISL-16132368
OK500260_France_2021	A-D.5.2	France	2021	OK500260
EPI-ISL-16132355_USA_2022	A-D.5.2	USA	2022	EPI-ISL-16132355
EPI-ISL-16959692_New-Zealand_2021	A-D.5.3	New-Zealand	2021	EPI-ISL-16959692
EPI-ISL-16960046_New-Zealand_2021	A-D.5.3	New-Zealand	2021	EPI-ISL-16960046
EPI-ISL-16959743_New-Zealand_2021	A-D.5.3	New-Zealand	2021	EPI-ISL-16959743
EPI-ISL-16959831_New-Zealand_2021	A-D.5.3	New-Zealand	2021	EPI-ISL-16959831
EPI-ISL-16959943_New-Zealand_2021	A-D.5.3	New-Zealand	2021	EPI-ISL-16959943
EPI-ISL-16960099_New-Zealand_2021	A-D.5.3	New-Zealand	2021	EPI-ISL-16960099
EPI-ISL-16959575_New-Zealand_2021	A-D.5.3	New-Zealand	2021	EPI-ISL-16959575
EPI-ISL-16959881_New-Zealand_2021	A-D.5.3	New-Zealand	2021	EPI-ISL-16959881
EPI-ISL-16959617_New-Zealand_2021	A-D.5.3	New-Zealand	2021	EPI-ISL-16959617
EPI-ISL-16959772_New-Zealand_2021	A-D.5.3	New-Zealand	2021	EPI-ISL-16959772
EPI-ISL-16959885_New-Zealand_2021	A-D.5.3	New-Zealand	2021	EPI-ISL-16959885
EPI-ISL-16960064_New-Zealand_2021	A-D.5.3	New-Zealand	2021	EPI-ISL-16960064
EPI-ISL-16959659_New-Zealand_2021	A-D.5.3	New-Zealand	2021	EPI-ISL-16959659
EPI-ISL-16959728_New-Zealand_2021	A-D.5.3	New-Zealand	2021	EPI-ISL-16959728
EPI-ISL-16959750_New-Zealand_2021	A-D.5.3	New-Zealand	2021	EPI-ISL-16959750
EPI-ISL-16959819_New-Zealand_2021	A-D.5.3	New-Zealand	2021	EPI-ISL-16959819
EPI-ISL-16959706_New-Zealand_2021	A-D.5.3	New-Zealand	2021	EPI-ISL-16959706
EPI-ISL-16959751_New-Zealand_2021	A-D.5.3	New-Zealand	2021	EPI-ISL-16959751
EPI-ISL-16959945_New-Zealand_2021	A-D.5.3	New-Zealand	2021	EPI-ISL-16959945
EPI-ISL-16959656_New-Zealand_2021	A-D.5.3	New-Zealand	2021	EPI-ISL-16959656
EPI-ISL-16959661_New-Zealand_2021	A-D.5.3	New-Zealand	2021	EPI-ISL-16959661
EPI-ISL-16959746_New-Zealand_2021	A-D.5.3	New-Zealand	2021	EPI-ISL-16959746
EPI-ISL-16960023_New-Zealand_2021	A-D.5.3	New-Zealand	2021	EPI-ISL-16960023
EPI-ISL-16959820_New-Zealand_2021	A-D.5.3	New-Zealand	2021	EPI-ISL-16959820
EPI-ISL-16959954_New-Zealand_2021	A-D.5.3	New-Zealand	2021	EPI-ISL-16959954
EPI-ISL-16959671_New-Zealand_2021	A-D.5.3	New-Zealand	2021	EPI-ISL-16959671
EPI-ISL-16959846_New-Zealand_2021	A-D.5.3	New-Zealand	2021	EPI-ISL-16959846
EPI-ISL-16959574_New-Zealand_2021	A-D.5.3	New-Zealand	2021	EPI-ISL-16959574
EPI-ISL-16959975_New-Zealand_2021	A-D.5.3	New-Zealand	2021	EPI-ISL-16959975
EPI-ISL-16959648_New-Zealand_2021	A-D.5.3	New-Zealand	2021	EPI-ISL-16959648
EPI-ISL-16959863_New-Zealand_2021	A-D.5.3	New-Zealand	2021	EPI-ISL-16959863
EPI-ISL-16959641_New-Zealand_2021	A-D.5.3	New-Zealand	2021	EPI-ISL-16959641
EPI-ISL-16959643_New-Zealand_2021	A-D.5.3	New-Zealand	2021	EPI-ISL-16959643
EPI-ISL-16959736_New-Zealand_2021	A-D.5.3	New-Zealand	2021	EPI-ISL-16959736
EPI-ISL-16959834_New-Zealand_2021	A-D.5.3	New-Zealand	2021	EPI-ISL-16959834
EPI-ISL-16959720_New-Zealand_2021	A-D.5.3	New-Zealand	2021	EPI-ISL-16959720
EPI-ISL-16959942_New-Zealand_2021	A-D.5.3	New-Zealand	2021	EPI-ISL-16959942
EPI-ISL-16959714_New-Zealand_2021	A-D.5.3	New-Zealand	2021	EPI-ISL-16959714
EPI-ISL-16959534_New-Zealand_2021	A-D.5.3	New-Zealand	2021	EPI-ISL-16959534
EPI-ISL-16959630_New-Zealand_2021	A-D.5.3	New-Zealand	2021	EPI-ISL-16959630
EPI-ISL-16960065_New-Zealand_2021	A-D.5.3	New-Zealand	2021	EPI-ISL-16960065
EPI-ISL-16960050_New-Zealand_2021	A-D.5.3	New-Zealand	2021	EPI-ISL-16960050
EPI-ISL-16959627_New-Zealand_2021	A-D.5.3	New-Zealand	2021	EPI-ISL-16959627
EPI-ISL-16960061_New-Zealand_2021	A-D.5.3	New-Zealand	2021	EPI-ISL-16960061
EPI-ISL-16959871_New-Zealand_2021	A-D.5.3	New-Zealand	2021	EPI-ISL-16959871
EPI-ISL-16959759_New-Zealand_2021	A-D.5.3	New-Zealand	2021	EPI-ISL-16959759
EPI-ISL-16960129_New-Zealand_2021	A-D.5.3	New-Zealand	2021	EPI-ISL-16960129
EPI-ISL-16959758_New-Zealand_2021	A-D.5.3	New-Zealand	2021	EPI-ISL-16959758
EPI-ISL-16959653_New-Zealand_2021	A-D.5.3	New-Zealand	2021	EPI-ISL-16959653
EPI-ISL-16960012_New-Zealand_2021	A-D.5.3	New-Zealand	2021	EPI-ISL-16960012
EPI-ISL-16959757_New-Zealand_2021	A-D.5.3	New-Zealand	2021	EPI-ISL-16959757
EPI-ISL-16959632_New-Zealand_2021	A-D.5.3	New-Zealand	2021	EPI-ISL-16959632
EPI-ISL-16959829_New-Zealand_2021	A-D.5.3	New-Zealand	2021	EPI-ISL-16959829
EPI-ISL-16959567_New-Zealand_2021	A-D.5.3	New-Zealand	2021	EPI-ISL-16959567
EPI-ISL-16959773_New-Zealand_2021	A-D.5.3	New-Zealand	2021	EPI-ISL-16959773
EPI-ISL-16959995_New-Zealand_2021	A-D.5.3	New-Zealand	2021	EPI-ISL-16959995
EPI-ISL-16959700_New-Zealand_2021	A-D.5.3	New-Zealand	2021	EPI-ISL-16959700
EPI-ISL-16960038_New-Zealand_2021	A-D.5.3	New-Zealand	2021	EPI-ISL-16960038
EPI-ISL-16959745_New-Zealand_2021	A-D.5.3	New-Zealand	2021	EPI-ISL-16959745
EPI-ISL-16959665_New-Zealand_2021	A-D.5.3	New-Zealand	2021	EPI-ISL-16959665
EPI-ISL-16960082_New-Zealand_2021	A-D.5.3	New-Zealand	2021	EPI-ISL-16960082
EPI-ISL-16959622_New-Zealand_2021	A-D.5.3	New-Zealand	2021	EPI-ISL-16959622
EPI-ISL-16960111_New-Zealand_2021	A-D.5.3	New-Zealand	2021	EPI-ISL-16960111
EPI-ISL-16959833_New-Zealand_2021	A-D.5.3	New-Zealand	2021	EPI-ISL-16959833
EPI-ISL-16959957_New-Zealand_2021	A-D.5.3	New-Zealand	2021	EPI-ISL-16959957
EPI-ISL-16960048_New-Zealand_2021	A-D.5.3	New-Zealand	2021	EPI-ISL-16960048
EPI-ISL-16960049_New-Zealand_2021	A-D.5.3	New-Zealand	2021	EPI-ISL-16960049
EPI-ISL-16960081_New-Zealand_2021	A-D.5.3	New-Zealand	2021	EPI-ISL-16960081
EPI-ISL-16959603_New-Zealand_2021	A-D.5.3	New-Zealand	2021	EPI-ISL-16959603
EPI-ISL-16960088_New-Zealand_2021	A-D.5.3	New-Zealand	2021	EPI-ISL-16960088
EPI-ISL-16959604_New-Zealand_2021	A-D.5.3	New-Zealand	2021	EPI-ISL-16959604
EPI-ISL-16959710_New-Zealand_2021	A-D.5.3	New-Zealand	2021	EPI-ISL-16959710
EPI-ISL-16959948_New-Zealand_2021	A-D.5.3	New-Zealand	2021	EPI-ISL-16959948
EPI-ISL-16959694_New-Zealand_2021	A-D.5.3	New-Zealand	2021	EPI-ISL-16959694
EPI-ISL-16959883_New-Zealand_2021	A-D.5.3	New-Zealand	2021	EPI-ISL-16959883
EPI-ISL-16960076_New-Zealand_2021	A-D.5.3	New-Zealand	2021	EPI-ISL-16960076
EPI-ISL-16959635_New-Zealand_2021	A-D.5.3	New-Zealand	2021	EPI-ISL-16959635
EPI-ISL-16959722_New-Zealand_2021	A-D.5.3	New-Zealand	2021	EPI-ISL-16959722
EPI-ISL-16959606_New-Zealand_2021	A-D.5.3	New-Zealand	2021	EPI-ISL-16959606
EPI-ISL-16959686_New-Zealand_2021	A-D.5.3	New-Zealand	2021	EPI-ISL-16959686
EPI-ISL-16959886_New-Zealand_2021	A-D.5.3	New-Zealand	2021	EPI-ISL-16959886
EPI-ISL-16959748_New-Zealand_2021	A-D.5.3	New-Zealand	2021	EPI-ISL-16959748
EPI-ISL-16959693_New-Zealand_2021	A-D.5.3	New-Zealand	2021	EPI-ISL-16959693
EPI-ISL-16960011_New-Zealand_2021	A-D.5.3	New-Zealand	2021	EPI-ISL-16960011
EPI-ISL-16960057_New-Zealand_2021	A-D.5.3	New-Zealand	2021	EPI-ISL-16960057
EPI-ISL-16959730_New-Zealand_2021	A-D.5.3	New-Zealand	2021	EPI-ISL-16959730
EPI-ISL-16960047_New-Zealand_2021	A-D.5.3	New-Zealand	2021	EPI-ISL-16960047
EPI-ISL-16960056_New-Zealand_2021	A-D.5.3	New-Zealand	2021	EPI-ISL-16960056
EPI-ISL-16959545_New-Zealand_2021	A-D.5.3	New-Zealand	2021	EPI-ISL-16959545
EPI-ISL-16959727_New-Zealand_2021	A-D.5.3	New-Zealand	2021	EPI-ISL-16959727
EPI-ISL-16960074_New-Zealand_2021	A-D.5.3	New-Zealand	2021	EPI-ISL-16960074
EPI-ISL-16959646_New-Zealand_2021	A-D.5.3	New-Zealand	2021	EPI-ISL-16959646
EPI-ISL-16959690_New-Zealand_2021	A-D.5.3	New-Zealand	2021	EPI-ISL-16959690
EPI-ISL-16959821_New-Zealand_2021	A-D.5.3	New-Zealand	2021	EPI-ISL-16959821
EPI-ISL-16959698_New-Zealand_2021	A-D.5.3	New-Zealand	2021	EPI-ISL-16959698
EPI-ISL-16959905_New-Zealand_2021	A-D.5.3	New-Zealand	2021	EPI-ISL-16959905
EPI-ISL-16960066_New-Zealand_2021	A-D.5.3	New-Zealand	2021	EPI-ISL-16960066
EPI-ISL-16959922_New-Zealand_2021	A-D.5.3	New-Zealand	2021	EPI-ISL-16959922
EPI-ISL-16959571_New-Zealand_2021	A-D.5.3	New-Zealand	2021	EPI-ISL-16959571
EPI-ISL-16960115_New-Zealand_2021	A-D.5.3	New-Zealand	2021	EPI-ISL-16960115
EPI-ISL-16959536_New-Zealand_2021	A-D.5.3	New-Zealand	2021	EPI-ISL-16959536
EPI-ISL-16959832_New-Zealand_2021	A-D.5.3	New-Zealand	2021	EPI-ISL-16959832
EPI-ISL-16960101_New-Zealand_2021	A-D.5.3	New-Zealand	2021	EPI-ISL-16960101
EPI-ISL-16959951_New-Zealand_2021	A-D.5.3	New-Zealand	2021	EPI-ISL-16959951
EPI-ISL-16960037_New-Zealand_2021	A-D.5.3	New-Zealand	2021	EPI-ISL-16960037
EPI-ISL-16960036_New-Zealand_2021	A-D.5.3	New-Zealand	2021	EPI-ISL-16960036
EPI-ISL-16959713_New-Zealand_2021	A-D.5.3	New-Zealand	2021	EPI-ISL-16959713
EPI-ISL-16959548_New-Zealand_2021	A-D.5.3	New-Zealand	2021	EPI-ISL-16959548
EPI-ISL-16959682_New-Zealand_2021	A-D.5.3	New-Zealand	2021	EPI-ISL-16959682
EPI-ISL-16959609_New-Zealand_2021	A-D.5.3	New-Zealand	2021	EPI-ISL-16959609
EPI-ISL-16960062_New-Zealand_2021	A-D.5.3	New-Zealand	2021	EPI-ISL-16960062
EPI-ISL-16960114_New-Zealand_2021	A-D.5.3	New-Zealand	2021	EPI-ISL-16960114
EPI-ISL-16959702_New-Zealand_2021	A-D.5.3	New-Zealand	2021	EPI-ISL-16959702
EPI-ISL-16960084_New-Zealand_2021	A-D.5.3	New-Zealand	2021	EPI-ISL-16960084
EPI-ISL-16959835_New-Zealand_2021	A-D.5.3	New-Zealand	2021	EPI-ISL-16959835
EPI-ISL-16959688_New-Zealand_2021	A-D.5.3	New-Zealand	2021	EPI-ISL-16959688
EPI-ISL-16959500_New-Zealand_2021	A-D.5.3	New-Zealand	2021	EPI-ISL-16959500
EPI-ISL-16960045_New-Zealand_2021	A-D.5.3	New-Zealand	2021	EPI-ISL-16960045
EPI-ISL-16959667_New-Zealand_2021	A-D.5.3	New-Zealand	2021	EPI-ISL-16959667
EPI-ISL-16959953_New-Zealand_2021	A-D.5.3	New-Zealand	2021	EPI-ISL-16959953
EPI-ISL-16959591_New-Zealand_2021	A-D.5.3	New-Zealand	2021	EPI-ISL-16959591
EPI-ISL-16959683_New-Zealand_2021	A-D.5.3	New-Zealand	2021	EPI-ISL-16959683
EPI-ISL-16959764_New-Zealand_2021	A-D.5.3	New-Zealand	2021	EPI-ISL-16959764
EPI-ISL-16960131_New-Zealand_2021	A-D.5.3	New-Zealand	2021	EPI-ISL-16960131
EPI-ISL-16959731_New-Zealand_2021	A-D.5.3	New-Zealand	2021	EPI-ISL-16959731
EPI-ISL-16960039_New-Zealand_2021	A-D.5.3	New-Zealand	2021	EPI-ISL-16960039
EPI-ISL-16960059_New-Zealand_2021	A-D.5.3	New-Zealand	2021	EPI-ISL-16960059
EPI-ISL-16960085_New-Zealand_2021	A-D.5.3	New-Zealand	2021	EPI-ISL-16960085
EPI-ISL-16959584_New-Zealand_2021	A-D.5.3	New-Zealand	2021	EPI-ISL-16959584
EPI-ISL-16959674_New-Zealand_2021	A-D.5.3	New-Zealand	2021	EPI-ISL-16959674
EPI-ISL-16959889_New-Zealand_2021	A-D.5.3	New-Zealand	2021	EPI-ISL-16959889
EPI-ISL-16959767_New-Zealand_2021	A-D.5.3	New-Zealand	2021	EPI-ISL-16959767
EPI-ISL-16960073_New-Zealand_2021	A-D.5.3	New-Zealand	2021	EPI-ISL-16960073
EPI-ISL-16959946_New-Zealand_2021	A-D.5.3	New-Zealand	2021	EPI-ISL-16959946
EPI-ISL-16960008_New-Zealand_2021	A-D.5.3	New-Zealand	2021	EPI-ISL-16960008
EPI-ISL-16959576_New-Zealand_2021	A-D.5.3	New-Zealand	2021	EPI-ISL-16959576
EPI-ISL-16959778_New-Zealand_2021	A-D.5.3	New-Zealand	2021	EPI-ISL-16959778
EPI-ISL-16960152_New-Zealand_2021	A-D.5.3	New-Zealand	2021	EPI-ISL-16960152
EPI-ISL-16959655_New-Zealand_2021	A-D.5.3	New-Zealand	2021	EPI-ISL-16959655
EPI-ISL-16959719_New-Zealand_2021	A-D.5.3	New-Zealand	2021	EPI-ISL-16959719
EPI-ISL-16959949_New-Zealand_2021	A-D.5.3	New-Zealand	2021	EPI-ISL-16959949
EPI-ISL-16959666_New-Zealand_2021	A-D.5.3	New-Zealand	2021	EPI-ISL-16959666
EPI-ISL-16959776_New-Zealand_2021	A-D.5.3	New-Zealand	2021	EPI-ISL-16959776
EPI-ISL-16960055_New-Zealand_2021	A-D.5.3	New-Zealand	2021	EPI-ISL-16960055
